Name,Year,Student Number,Subject_1,Subject_2,Subject_3,Subject_4,Subject_5,Subject_6,Subject_7,Subject_8,Final Grade,Subjects Failed,Homework_Question_1,Homework_Question_2,Homework_Question_3,Time Allocation_Question_1,Time Allocation_Question_2,Time Allocation_Question_3,Reading and Note Taking_Question_1,Reading and Note Taking_Question_2,Reading and Note Taking_Question_3,Study Period Procedures_Question_1,Study Period Procedures_Question_2,Study Period Procedures_Question_3,Written Works_Question_1,Written Works_Question_2,Written Works_Question_3,Examination_Question_1,Examination_Question_2,Examination_Question_3
Michael Thomas,1,24427517,1.0,1.5,2.5,1.75,2.25,,,,1.86,0,Strongly Agree,Agree,Strongly Disagree,Agree,Disagree,Strongly Disagree,Strongly Agree,Strongly Agree,Strongly Agree,Agree,Strongly Agree,Agree,Strongly Disagree,Agree,Agree,Agree,Disagree,Strongly Agree
Michael Mcguire,4,21908695,2.5,5.0,1.0,1.0,1.25,,,,2.15,1,Agree,Disagree,Strongly Disagree,Agree,Agree,Agree,Agree,Strongly Disagree,Agree,Strongly Disagree,Strongly Agree,Strongly Agree,Agree,Disagree,Strongly Disagree,Strongly Disagree,Agree,Disagree
Jonathan Smith,4,21620116,1.75,5.0,1.0,1.5,2.75,,,,2.4,1,Strongly Disagree,Strongly Disagree,Disagree,Strongly Disagree,Strongly Disagree,Strongly Disagree,Agree,Strongly Agree,Strongly Disagree,Strongly Disagree,Agree,Disagree,Strongly Disagree,Strongly Agree,Disagree,Agree,Strongly Disagree,Agree
Jaime Phelps,2,23128726,1.75,1.75,1.75,2.25,1.0,5.0,5.0,1.75,2.57,2,Agree,Agree,Agree,Agree,Strongly Disagree,Agree,Strongly Agree,Agree,Strongly Disagree,Agree,Strongly Disagree,Strongly Disagree,Strongly Disagree,Agree,Strongly Disagree,Strongly Agree,Disagree,Strongly Agree
Nicole Hamilton,3,22926109,2.25,2.75,1.5,1.5,1.5,5.0,3.0,,2.5,1,Strongly Disagree,Strongly Agree,Strongly Disagree,Agree,Disagree,Agree,Disagree,Agree,Disagree,Agree,Strongly Agree,Disagree,Strongly Disagree,Disagree,Strongly Disagree,Agree,Agree,Disagree
Samuel Wilkins,1,24202441,1.75,2.5,1.75,2.5,3.0,,,,2.34,0,Agree,Strongly Disagree,Strongly Agree,Strongly Agree,Strongly Disagree,Strongly Agree,Disagree,Strongly Agree,Disagree,Agree,Agree,Agree,Strongly Disagree,Strongly Agree,Disagree,Agree,Strongly Agree,Strongly Disagree
Brendan Hunt,1,24901975,1.0,1.25,1.5,2.25,4.0,,,,2.07,0,Agree,Agree,Strongly Disagree,Strongly Disagree,Disagree,Agree,Strongly Agree,Disagree,Disagree,Agree,Disagree,Agree,Strongly Disagree,Disagree,Agree,Strongly Agree,Strongly Disagree,Strongly Agree
Raymond Harper MD,3,22872215,2.75,2.75,3.0,1.75,4.0,2.0,2.5,,2.68,0,Agree,Disagree,Agree,Disagree,Disagree,Strongly Agree,Agree,Disagree,Strongly Agree,Agree,Disagree,Disagree,Strongly Agree,Strongly Agree,Agree,Strongly Disagree,Disagree,Agree
Jamie Williams,1,24945291,4.0,3.0,2.5,2.25,2.5,,,,2.77,0,Disagree,Strongly Agree,Strongly Disagree,Agree,Strongly Agree,Disagree,Strongly Agree,Agree,Strongly Disagree,Strongly Disagree,Strongly Agree,Disagree,Disagree,Disagree,Strongly Agree,Strongly Agree,Strongly Agree,Strongly Disagree
Tom Combs,1,24475607,2.5,2.75,3.0,1.75,1.25,,,,2.23,0,Agree,Strongly Agree,Strongly Disagree,Agree,Strongly Disagree,Agree,Strongly Agree,Disagree,Disagree,Strongly Disagree,Strongly Disagree,Strongly Disagree,Strongly Agree,Disagree,Strongly Disagree,Strongly Agree,Strongly Disagree,Strongly Agree
Stephen Boyd,4,21915212,2.5,3.0,5.0,2.5,3.0,,,,3.2,1,Agree,Agree,Strongly Disagree,Disagree,Strongly Agree,Strongly Disagree,Agree,Agree,Strongly Agree,Agree,Disagree,Agree,Disagree,Strongly Agree,Agree,Disagree,Disagree,Strongly Disagree
Scott Silva,3,22186790,4.0,1.5,5.0,2.25,3.0,2.5,1.0,,2.75,1,Strongly Agree,Agree,Strongly Disagree,Strongly Agree,Disagree,Agree,Strongly Disagree,Strongly Disagree,Strongly Agree,Agree,Strongly Disagree,Strongly Disagree,Strongly Disagree,Strongly Agree,Disagree,Agree,Strongly Agree,Agree
Meghan Davis,2,23011205,2.25,1.75,2.75,1.5,5.0,1.75,1.5,1.5,2.25,1,Agree,Strongly Disagree,Disagree,Disagree,Disagree,Strongly Disagree,Disagree,Strongly Agree,Agree,Disagree,Agree,Disagree,Disagree,Disagree,Disagree,Strongly Agree,Disagree,Strongly Agree
Rachel Nolan,1,24874756,1.75,4.0,2.75,1.5,1.0,,,,2.23,0,Disagree,Strongly Disagree,Strongly Disagree,Strongly Agree,Strongly Agree,Strongly Agree,Strongly Agree,Strongly Agree,Agree,Strongly Agree,Strongly Agree,Strongly Agree,Agree,Strongly Disagree,Disagree,Strongly Agree,Agree,Agree
Joseph Haynes,1,24013639,1.75,2.5,1.75,2.5,3.0,,,,2.34,0,Strongly Disagree,Disagree,Strongly Disagree,Strongly Agree,Disagree,Disagree,Disagree,Strongly Agree,Disagree,Strongly Disagree,Disagree,Disagree,Strongly Agree,Disagree,Agree,Agree,Agree,Disagree
Ryan Norman,4,21499656,2.75,2.75,1.75,2.75,1.25,,,,2.25,0,Strongly Agree,Disagree,Strongly Disagree,Agree,Strongly Disagree,Agree,Agree,Strongly Agree,Strongly Agree,Disagree,Agree,Strongly Disagree,Agree,Strongly Disagree,Strongly Agree,Strongly Agree,Strongly Disagree,Strongly Disagree
Kevin Richardson,3,22028230,2.25,3.0,1.0,4.0,2.75,1.0,4.0,,2.57,0,Disagree,Strongly Disagree,Disagree,Strongly Disagree,Disagree,Disagree,Strongly Disagree,Strongly Disagree,Disagree,Agree,Agree,Strongly Disagree,Strongly Agree,Disagree,Strongly Disagree,Strongly Agree,Disagree,Strongly Disagree
Larry Costa,2,23435336,2.75,3.0,1.5,2.0,1.75,2.0,1.5,5.0,2.42,1,Disagree,Disagree,Agree,Strongly Disagree,Strongly Agree,Disagree,Strongly Disagree,Disagree,Strongly Disagree,Strongly Disagree,Strongly Agree,Disagree,Disagree,Agree,Agree,Disagree,Strongly Disagree,Disagree
Ashley Simpson,4,21307801,2.25,1.5,1.0,5.0,2.0,,,,2.35,1,Disagree,Disagree,Disagree,Strongly Disagree,Disagree,Strongly Disagree,Disagree,Strongly Disagree,Strongly Disagree,Strongly Agree,Agree,Strongly Agree,Disagree,Disagree,Strongly Disagree,Strongly Agree,Strongly Disagree,Disagree
Tina Espinoza,1,24089888,2.5,2.25,2.5,1.5,1.75,,,,2.07,0,Strongly Agree,Strongly Agree,Agree,Disagree,Disagree,Strongly Agree,Agree,Disagree,Strongly Agree,Strongly Agree,Strongly Disagree,Disagree,Agree,Strongly Disagree,Disagree,Strongly Agree,Strongly Disagree,Disagree
Vincent Guzman,1,24954327,2.25,5.0,1.75,5.0,3.0,,,,3.48,2,Agree,Strongly Agree,Agree,Disagree,Strongly Disagree,Agree,Disagree,Strongly Agree,Strongly Disagree,Agree,Agree,Agree,Strongly Agree,Agree,Agree,Disagree,Disagree,Strongly Agree
Cameron Miller,4,21230131,3.0,2.5,1.0,1.0,2.75,,,,2.05,0,Agree,Strongly Agree,Agree,Disagree,Strongly Agree,Strongly Disagree,Strongly Disagree,Strongly Agree,Disagree,Strongly Disagree,Disagree,Disagree,Disagree,Strongly Disagree,Strongly Disagree,Strongly Agree,Agree,Disagree
Brittany Aguirre,4,21366102,1.25,4.0,4.0,2.25,1.0,,,,2.5,0,Disagree,Strongly Disagree,Disagree,Strongly Agree,Strongly Disagree,Strongly Agree,Strongly Agree,Disagree,Agree,Strongly Disagree,Strongly Agree,Disagree,Strongly Disagree,Strongly Disagree,Strongly Agree,Strongly Agree,Disagree,Strongly Disagree
Joseph Ramos,4,21155482,2.25,3.0,1.75,1.5,1.5,,,,2.0,0,Strongly Disagree,Strongly Agree,Strongly Disagree,Agree,Strongly Agree,Strongly Agree,Agree,Disagree,Agree,Disagree,Strongly Agree,Strongly Disagree,Strongly Disagree,Strongly Disagree,Strongly Agree,Disagree,Disagree,Strongly Disagree
Aaron Berger,2,23333014,4.0,2.5,1.25,2.25,1.5,1.25,2.5,4.0,2.34,0,Agree,Agree,Strongly Disagree,Agree,Strongly Disagree,Strongly Disagree,Disagree,Disagree,Disagree,Agree,Agree,Strongly Agree,Strongly Agree,Strongly Agree,Strongly Disagree,Disagree,Strongly Agree,Agree
Becky Navarro,4,21417525,1.5,1.75,2.75,4.0,2.5,,,,2.5,0,Disagree,Strongly Disagree,Disagree,Agree,Strongly Disagree,Agree,Strongly Agree,Strongly Agree,Agree,Agree,Disagree,Agree,Agree,Disagree,Strongly Disagree,Agree,Disagree,Strongly Agree
Stephanie Dyer MD,2,23037249,2.25,1.5,4.0,1.25,2.25,2.25,3.0,1.75,2.28,0,Disagree,Strongly Disagree,Disagree,Strongly Agree,Agree,Agree,Agree,Agree,Strongly Disagree,Strongly Disagree,Strongly Disagree,Disagree,Strongly Disagree,Strongly Agree,Agree,Disagree,Disagree,Strongly Disagree
Kathleen Pineda,4,21477487,2.25,1.5,3.0,2.75,2.25,,,,2.35,0,Strongly Disagree,Strongly Agree,Strongly Disagree,Agree,Strongly Disagree,Strongly Disagree,Strongly Disagree,Strongly Agree,Strongly Disagree,Agree,Agree,Strongly Agree,Strongly Disagree,Strongly Agree,Strongly Disagree,Strongly Agree,Agree,Disagree
Sarah Vincent,4,21689139,4.0,1.5,1.25,2.5,1.25,,,,2.1,0,Agree,Strongly Disagree,Agree,Strongly Disagree,Strongly Agree,Disagree,Agree,Strongly Disagree,Disagree,Agree,Disagree,Strongly Disagree,Strongly Agree,Disagree,Disagree,Disagree,Agree,Strongly Agree
Michael Davis,2,23901133,4.0,5.0,5.0,3.0,1.75,2.0,5.0,1.5,3.38,3,Agree,Strongly Agree,Disagree,Strongly Disagree,Disagree,Strongly Agree,Agree,Strongly Agree,Strongly Disagree,Disagree,Disagree,Disagree,Strongly Agree,Agree,Strongly Disagree,Strongly Agree,Strongly Agree,Disagree
Timothy Sullivan,2,23980427,4.0,2.0,4.0,3.0,2.0,4.0,1.25,4.0,2.99,0,Strongly Disagree,Disagree,Agree,Agree,Strongly Disagree,Disagree,Strongly Disagree,Strongly Agree,Disagree,Strongly Disagree,Strongly Disagree,Strongly Agree,Disagree,Disagree,Agree,Disagree,Strongly Agree,Agree
Laura Green,4,21641577,1.75,2.25,5.0,1.0,1.75,,,,2.35,1,Agree,Disagree,Agree,Agree,Agree,Strongly Agree,Agree,Strongly Agree,Disagree,Disagree,Agree,Agree,Agree,Strongly Agree,Disagree,Strongly Disagree,Agree,Strongly Disagree
Susan Murphy,3,22721555,5.0,5.0,2.25,2.0,1.25,5.0,4.0,,3.5,3,Disagree,Disagree,Strongly Disagree,Disagree,Strongly Disagree,Disagree,Agree,Agree,Agree,Strongly Disagree,Disagree,Disagree,Strongly Agree,Agree,Strongly Agree,Strongly Disagree,Agree,Agree
Cody Thompson,3,22167543,1.0,4.0,1.5,2.5,2.25,1.75,5.0,,2.57,1,Strongly Agree,Strongly Agree,Strongly Disagree,Strongly Disagree,Strongly Agree,Strongly Disagree,Strongly Disagree,Agree,Strongly Disagree,Agree,Disagree,Disagree,Strongly Agree,Strongly Agree,Strongly Agree,Strongly Disagree,Strongly Disagree,Agree
Michelle Hanna,2,23725463,3.0,2.0,3.0,1.25,2.75,1.75,1.25,2.0,2.09,0,Agree,Agree,Strongly Disagree,Strongly Disagree,Strongly Disagree,Strongly Disagree,Disagree,Disagree,Disagree,Disagree,Strongly Disagree,Agree,Strongly Disagree,Disagree,Disagree,Strongly Disagree,Strongly Agree,Disagree
Tina Walker,3,22802422,1.25,1.5,5.0,2.75,3.0,4.0,4.0,,3.07,1,Strongly Agree,Disagree,Agree,Disagree,Disagree,Disagree,Disagree,Strongly Disagree,Disagree,Strongly Disagree,Disagree,Strongly Disagree,Disagree,Agree,Strongly Disagree,Disagree,Strongly Disagree,Strongly Agree
Daniel Reyes,2,23229834,2.75,3.0,1.25,2.25,2.0,2.25,1.0,5.0,2.42,1,Strongly Agree,Agree,Agree,Strongly Disagree,Agree,Disagree,Strongly Disagree,Strongly Agree,Strongly Agree,Strongly Agree,Disagree,Strongly Agree,Disagree,Agree,Strongly Agree,Strongly Disagree,Strongly Disagree,Agree
Courtney Ellis MD,4,21682418,3.0,1.0,4.0,5.0,5.0,,,,3.6,2,Agree,Disagree,Agree,Disagree,Agree,Strongly Disagree,Strongly Agree,Disagree,Strongly Disagree,Strongly Disagree,Disagree,Disagree,Agree,Strongly Agree,Strongly Disagree,Agree,Strongly Agree,Disagree
Joshua Austin,3,22216484,1.25,4.0,2.75,3.0,4.0,1.75,1.25,,2.57,0,Agree,Agree,Strongly Agree,Agree,Strongly Disagree,Disagree,Strongly Disagree,Disagree,Strongly Disagree,Disagree,Strongly Disagree,Strongly Disagree,Disagree,Agree,Agree,Strongly Disagree,Agree,Agree
Suzanne Callahan,1,24298606,2.5,4.0,1.75,2.75,1.5,,,,2.5,0,Disagree,Strongly Disagree,Strongly Agree,Disagree,Agree,Disagree,Strongly Agree,Disagree,Disagree,Agree,Strongly Disagree,Disagree,Strongly Disagree,Strongly Agree,Agree,Strongly Disagree,Strongly Disagree,Strongly Agree
Lauren Baker,4,21787810,1.25,2.0,5.0,2.25,2.5,,,,2.6,1,Agree,Strongly Agree,Agree,Agree,Strongly Agree,Disagree,Disagree,Disagree,Strongly Agree,Agree,Strongly Agree,Disagree,Disagree,Strongly Disagree,Strongly Disagree,Disagree,Strongly Agree,Agree
Phillip Moore,4,21714137,3.0,2.5,4.0,2.5,1.0,,,,2.6,0,Strongly Agree,Disagree,Agree,Strongly Agree,Agree,Agree,Disagree,Disagree,Disagree,Agree,Agree,Agree,Strongly Disagree,Strongly Disagree,Disagree,Agree,Agree,Strongly Disagree
Michael Martinez,1,24867225,2.0,3.0,5.0,5.0,2.75,,,,3.66,2,Disagree,Strongly Agree,Strongly Disagree,Strongly Disagree,Disagree,Agree,Agree,Strongly Agree,Strongly Disagree,Disagree,Strongly Disagree,Agree,Strongly Agree,Disagree,Strongly Disagree,Disagree,Strongly Agree,Disagree
Christina Coleman,1,24145018,1.0,3.0,4.0,2.75,1.0,,,,2.45,0,Strongly Disagree,Strongly Agree,Agree,Strongly Disagree,Strongly Agree,Strongly Agree,Strongly Disagree,Agree,Disagree,Strongly Agree,Strongly Agree,Strongly Agree,Agree,Strongly Agree,Agree,Agree,Strongly Agree,Agree
James Murphy,3,22205351,1.75,1.5,2.75,3.0,2.25,1.0,4.0,,2.32,0,Disagree,Strongly Agree,Agree,Strongly Disagree,Strongly Agree,Agree,Agree,Disagree,Agree,Disagree,Disagree,Disagree,Strongly Disagree,Strongly Agree,Strongly Agree,Strongly Disagree,Strongly Agree,Agree
Cesar Johnston,4,21700131,2.75,1.75,1.5,1.25,1.5,,,,1.75,0,Strongly Disagree,Strongly Disagree,Disagree,Strongly Agree,Strongly Disagree,Strongly Agree,Disagree,Agree,Strongly Agree,Disagree,Strongly Agree,Disagree,Strongly Disagree,Disagree,Strongly Disagree,Strongly Disagree,Strongly Agree,Disagree
Christina Williams,2,23933060,2.0,1.5,2.25,1.0,1.5,2.0,2.0,5.0,2.16,1,Disagree,Strongly Agree,Agree,Strongly Disagree,Strongly Disagree,Strongly Agree,Agree,Strongly Disagree,Agree,Disagree,Agree,Agree,Agree,Disagree,Agree,Agree,Strongly Disagree,Agree
Michael Nelson,1,24140198,4.0,2.5,1.0,1.5,2.75,,,,2.23,0,Strongly Agree,Strongly Disagree,Agree,Disagree,Strongly Agree,Agree,Strongly Disagree,Agree,Disagree,Disagree,Disagree,Strongly Disagree,Disagree,Agree,Agree,Strongly Disagree,Disagree,Strongly Disagree
Angel Warner,2,23446922,1.0,4.0,2.25,1.5,2.75,4.0,3.0,2.5,2.7,0,Strongly Agree,Agree,Strongly Disagree,Disagree,Agree,Agree,Strongly Agree,Disagree,Agree,Strongly Disagree,Strongly Agree,Disagree,Strongly Agree,Agree,Agree,Strongly Agree,Strongly Disagree,Disagree
Daniel Blair,3,22796657,1.25,1.5,3.0,2.75,3.0,2.5,2.5,,2.36,0,Strongly Disagree,Strongly Agree,Strongly Agree,Agree,Disagree,Strongly Agree,Strongly Disagree,Agree,Disagree,Agree,Strongly Agree,Strongly Agree,Strongly Disagree,Strongly Agree,Strongly Disagree,Disagree,Strongly Disagree,Disagree
Martin Mitchell,3,22937670,1.25,2.25,1.75,1.25,1.5,4.0,1.5,,1.93,0,Agree,Strongly Agree,Disagree,Disagree,Strongly Agree,Strongly Disagree,Strongly Disagree,Disagree,Disagree,Agree,Strongly Disagree,Strongly Agree,Agree,Strongly Disagree,Strongly Agree,Strongly Agree,Disagree,Strongly Agree
Elizabeth Castillo,2,23709211,2.75,2.25,2.25,2.25,4.0,4.0,2.5,2.0,2.75,0,Disagree,Strongly Disagree,Strongly Agree,Agree,Strongly Agree,Disagree,Agree,Disagree,Disagree,Strongly Agree,Disagree,Strongly Agree,Strongly Agree,Strongly Agree,Disagree,Disagree,Strongly Disagree,Disagree
Thomas Goodwin,4,21171104,1.25,4.0,5.0,3.0,1.5,,,,2.95,1,Agree,Strongly Agree,Strongly Agree,Agree,Strongly Disagree,Disagree,Disagree,Disagree,Strongly Agree,Strongly Disagree,Agree,Disagree,Disagree,Disagree,Disagree,Strongly Disagree,Strongly Disagree,Disagree
Sarah Bishop,4,21370355,3.0,2.25,1.5,5.0,2.25,,,,2.8,1,Agree,Strongly Agree,Strongly Agree,Disagree,Strongly Disagree,Agree,Strongly Disagree,Strongly Disagree,Strongly Agree,Strongly Disagree,Agree,Strongly Disagree,Agree,Strongly Agree,Agree,Disagree,Disagree,Strongly Disagree
Kelly Andrews,1,24612089,2.25,2.0,2.0,1.0,5.0,,,,2.46,1,Disagree,Strongly Disagree,Strongly Agree,Agree,Strongly Disagree,Disagree,Strongly Agree,Disagree,Strongly Agree,Strongly Agree,Disagree,Strongly Agree,Disagree,Agree,Agree,Strongly Agree,Strongly Disagree,Strongly Agree
Timothy Fowler,1,24160131,2.0,1.25,2.0,5.0,2.75,,,,2.64,1,Strongly Disagree,Strongly Agree,Disagree,Disagree,Strongly Agree,Agree,Strongly Disagree,Strongly Agree,Strongly Disagree,Strongly Agree,Disagree,Strongly Disagree,Strongly Disagree,Agree,Strongly Disagree,Strongly Agree,Disagree,Strongly Disagree
Lisa Johnson,4,21805955,4.0,2.5,1.25,1.0,1.0,,,,1.95,0,Agree,Disagree,Strongly Disagree,Strongly Disagree,Disagree,Agree,Strongly Disagree,Strongly Agree,Agree,Agree,Disagree,Disagree,Strongly Agree,Disagree,Strongly Agree,Disagree,Strongly Agree,Strongly Disagree
Stephen Lyons,3,22680710,4.0,1.0,1.25,1.75,4.0,1.25,4.0,,2.46,0,Disagree,Strongly Agree,Strongly Agree,Disagree,Strongly Disagree,Agree,Strongly Agree,Strongly Disagree,Agree,Strongly Disagree,Disagree,Disagree,Disagree,Agree,Strongly Disagree,Strongly Agree,Agree,Strongly Agree
Stephanie Hall,1,24006448,5.0,4.0,1.0,4.0,3.0,,,,3.29,1,Strongly Disagree,Strongly Disagree,Agree,Strongly Agree,Agree,Disagree,Strongly Agree,Agree,Strongly Disagree,Disagree,Strongly Agree,Agree,Disagree,Strongly Agree,Strongly Disagree,Strongly Agree,Disagree,Strongly Agree
Miss Monica Black,3,22057401,1.25,1.5,2.75,4.0,5.0,2.25,1.0,,2.54,1,Strongly Agree,Disagree,Disagree,Disagree,Strongly Agree,Agree,Disagree,Agree,Strongly Agree,Strongly Disagree,Strongly Disagree,Agree,Disagree,Strongly Disagree,Strongly Disagree,Agree,Disagree,Agree
John Murray,4,21445150,1.5,1.75,2.75,2.0,2.75,,,,2.15,0,Strongly Agree,Strongly Disagree,Strongly Disagree,Strongly Agree,Strongly Disagree,Agree,Strongly Disagree,Disagree,Strongly Disagree,Strongly Agree,Strongly Agree,Agree,Disagree,Agree,Strongly Agree,Agree,Strongly Disagree,Strongly Disagree
Glenn Ramos,2,23816559,3.0,1.0,2.25,2.0,4.0,4.0,2.0,1.0,2.38,0,Strongly Agree,Agree,Strongly Agree,Strongly Agree,Disagree,Agree,Agree,Strongly Disagree,Agree,Strongly Disagree,Strongly Agree,Disagree,Agree,Strongly Agree,Disagree,Strongly Agree,Disagree,Disagree
Charles Brock,4,21417582,2.25,2.75,4.0,2.25,2.25,,,,2.7,0,Strongly Agree,Disagree,Disagree,Strongly Agree,Disagree,Strongly Agree,Disagree,Agree,Strongly Agree,Agree,Agree,Disagree,Disagree,Strongly Agree,Strongly Disagree,Strongly Disagree,Strongly Disagree,Strongly Disagree
Jacob Logan,1,24766723,1.25,2.25,1.5,1.5,1.5,,,,1.62,0,Disagree,Strongly Agree,Strongly Agree,Strongly Disagree,Disagree,Disagree,Agree,Disagree,Strongly Agree,Disagree,Disagree,Strongly Disagree,Disagree,Strongly Agree,Disagree,Agree,Disagree,Strongly Disagree
Jillian Collins,3,22476155,2.25,3.0,1.0,2.0,2.75,1.75,2.75,,2.21,0,Strongly Agree,Disagree,Agree,Strongly Agree,Strongly Disagree,Strongly Disagree,Strongly Disagree,Agree,Strongly Agree,Strongly Disagree,Disagree,Strongly Agree,Agree,Strongly Disagree,Strongly Disagree,Disagree,Disagree,Disagree
Cynthia Ford,3,22198878,3.0,5.0,1.75,3.0,1.75,1.25,1.0,,2.39,1,Disagree,Disagree,Strongly Disagree,Strongly Agree,Strongly Agree,Strongly Disagree,Strongly Agree,Disagree,Agree,Strongly Disagree,Disagree,Disagree,Strongly Disagree,Strongly Agree,Strongly Disagree,Strongly Agree,Strongly Disagree,Disagree
Zachary Allen,4,21466000,2.0,3.0,1.75,4.0,2.75,,,,2.7,0,Agree,Agree,Strongly Disagree,Strongly Disagree,Strongly Disagree,Agree,Agree,Agree,Agree,Agree,Agree,Disagree,Agree,Strongly Disagree,Disagree,Agree,Strongly Agree,Strongly Disagree
Kelsey Williams,2,23435952,1.75,5.0,2.5,1.25,1.0,2.5,2.5,2.0,2.34,1,Agree,Strongly Disagree,Disagree,Agree,Agree,Strongly Disagree,Disagree,Agree,Agree,Disagree,Disagree,Strongly Disagree,Strongly Disagree,Strongly Disagree,Strongly Disagree,Strongly Disagree,Disagree,Disagree
Stephen Kramer,4,21690438,2.5,2.25,3.0,2.75,4.0,,,,2.9,0,Disagree,Strongly Disagree,Strongly Disagree,Strongly Agree,Strongly Disagree,Disagree,Agree,Agree,Disagree,Disagree,Strongly Disagree,Strongly Disagree,Agree,Strongly Agree,Strongly Disagree,Agree,Agree,Disagree
Christopher Mays,3,22490982,2.0,2.25,2.5,4.0,2.5,5.0,2.0,,2.89,1,Agree,Agree,Strongly Disagree,Strongly Agree,Agree,Agree,Disagree,Strongly Disagree,Agree,Strongly Disagree,Agree,Strongly Disagree,Disagree,Disagree,Agree,Strongly Agree,Strongly Agree,Disagree
Michelle Meadows,1,24421754,1.5,1.5,2.75,5.0,1.0,,,,2.41,1,Strongly Agree,Strongly Agree,Strongly Disagree,Agree,Strongly Disagree,Strongly Agree,Strongly Disagree,Strongly Agree,Agree,Strongly Agree,Disagree,Disagree,Strongly Disagree,Agree,Disagree,Strongly Disagree,Strongly Agree,Disagree
Jonathan Mcintyre,2,23301442,2.0,2.75,3.0,3.0,1.25,5.0,2.0,2.5,2.72,1,Disagree,Strongly Agree,Disagree,Strongly Disagree,Strongly Agree,Disagree,Strongly Agree,Strongly Agree,Agree,Disagree,Agree,Strongly Agree,Disagree,Strongly Disagree,Strongly Agree,Agree,Disagree,Strongly Agree
David Keith,4,21802164,2.25,2.0,4.0,1.75,2.5,,,,2.5,0,Strongly Agree,Agree,Agree,Agree,Agree,Strongly Disagree,Strongly Agree,Agree,Strongly Agree,Agree,Strongly Agree,Strongly Agree,Agree,Agree,Strongly Disagree,Strongly Disagree,Strongly Agree,Strongly Disagree
Kaylee Anderson,2,23851597,5.0,1.25,2.0,2.75,4.0,2.0,2.5,2.5,2.65,1,Strongly Disagree,Strongly Disagree,Strongly Agree,Disagree,Disagree,Agree,Strongly Agree,Strongly Agree,Disagree,Agree,Agree,Strongly Disagree,Agree,Agree,Agree,Strongly Disagree,Agree,Disagree
Elizabeth Todd,3,22179112,1.0,2.25,5.0,2.25,1.5,1.75,2.0,,2.25,1,Agree,Strongly Agree,Strongly Disagree,Strongly Agree,Disagree,Disagree,Agree,Strongly Disagree,Agree,Disagree,Agree,Agree,Disagree,Agree,Agree,Disagree,Strongly Agree,Disagree
Christian Steele,2,23764540,2.75,2.0,2.0,2.0,2.0,2.75,3.0,2.0,2.29,0,Disagree,Agree,Strongly Disagree,Strongly Agree,Strongly Disagree,Agree,Strongly Disagree,Disagree,Disagree,Strongly Agree,Disagree,Agree,Strongly Agree,Disagree,Disagree,Disagree,Strongly Agree,Strongly Agree
James Gonzales,4,21279995,2.75,2.25,2.5,2.5,1.25,,,,2.25,0,Disagree,Strongly Agree,Agree,Strongly Agree,Disagree,Strongly Disagree,Strongly Agree,Strongly Disagree,Strongly Agree,Strongly Disagree,Disagree,Agree,Disagree,Agree,Strongly Disagree,Disagree,Disagree,Disagree
John Wong,3,22902325,1.5,4.0,1.0,4.0,2.0,2.25,2.5,,2.46,0,Agree,Disagree,Disagree,Strongly Agree,Disagree,Agree,Strongly Agree,Disagree,Agree,Strongly Disagree,Agree,Disagree,Disagree,Strongly Agree,Agree,Agree,Disagree,Disagree
Michael Tucker,1,24870654,1.0,2.75,2.0,1.25,1.25,,,,1.7,0,Strongly Disagree,Agree,Disagree,Disagree,Disagree,Strongly Agree,Strongly Agree,Strongly Agree,Strongly Disagree,Agree,Disagree,Strongly Disagree,Disagree,Disagree,Strongly Disagree,Agree,Strongly Disagree,Disagree
Donna Estrada,2,23336898,1.5,2.25,5.0,5.0,3.0,2.0,1.25,1.75,2.77,2,Strongly Agree,Strongly Disagree,Strongly Agree,Strongly Agree,Strongly Disagree,Disagree,Strongly Agree,Strongly Agree,Strongly Disagree,Agree,Agree,Strongly Disagree,Agree,Strongly Agree,Strongly Agree,Agree,Strongly Disagree,Agree
Michael Becker,4,21533537,2.25,1.25,3.0,1.25,4.0,,,,2.35,0,Strongly Agree,Disagree,Strongly Agree,Strongly Agree,Strongly Disagree,Strongly Disagree,Agree,Agree,Agree,Disagree,Strongly Agree,Strongly Agree,Strongly Disagree,Disagree,Strongly Agree,Disagree,Disagree,Strongly Agree
Karen Clements,1,24451751,2.75,2.25,1.5,3.0,5.0,,,,2.91,1,Disagree,Strongly Agree,Disagree,Strongly Agree,Disagree,Agree,Strongly Agree,Disagree,Strongly Agree,Strongly Agree,Agree,Strongly Agree,Disagree,Disagree,Agree,Agree,Strongly Disagree,Strongly Disagree
Bradley Rivera,4,21004534,2.5,2.25,4.0,1.0,2.75,,,,2.5,0,Strongly Agree,Agree,Strongly Disagree,Strongly Disagree,Strongly Agree,Strongly Disagree,Disagree,Strongly Agree,Agree,Agree,Disagree,Strongly Agree,Disagree,Disagree,Agree,Agree,Strongly Disagree,Strongly Agree
Steven Conley,1,24690950,2.0,1.75,1.25,3.0,1.75,,,,1.95,0,Strongly Agree,Disagree,Disagree,Strongly Disagree,Agree,Disagree,Strongly Disagree,Disagree,Agree,Disagree,Agree,Disagree,Strongly Disagree,Strongly Agree,Strongly Agree,Agree,Disagree,Strongly Disagree
Mark Harris,1,24761320,2.25,2.5,1.5,2.0,1.25,,,,1.88,0,Disagree,Disagree,Agree,Agree,Disagree,Disagree,Agree,Disagree,Strongly Agree,Agree,Agree,Strongly Disagree,Disagree,Strongly Disagree,Disagree,Strongly Agree,Agree,Strongly Disagree
Jennifer Brown,4,21518314,2.75,1.5,1.5,4.0,5.0,,,,2.95,1,Strongly Agree,Strongly Agree,Strongly Disagree,Strongly Agree,Strongly Agree,Strongly Agree,Strongly Agree,Strongly Agree,Disagree,Strongly Disagree,Strongly Disagree,Strongly Agree,Agree,Agree,Disagree,Strongly Disagree,Agree,Disagree
Angela Shannon,1,24713579,1.5,1.25,1.5,1.5,5.0,,,,2.2,1,Disagree,Agree,Strongly Disagree,Strongly Disagree,Agree,Disagree,Agree,Strongly Disagree,Agree,Strongly Agree,Disagree,Strongly Agree,Strongly Disagree,Strongly Disagree,Disagree,Agree,Disagree,Agree
Lisa Sanchez,4,21855164,2.25,2.25,1.25,3.0,1.75,,,,2.1,0,Strongly Agree,Disagree,Strongly Agree,Strongly Disagree,Disagree,Agree,Agree,Strongly Agree,Strongly Disagree,Agree,Agree,Agree,Disagree,Strongly Agree,Agree,Strongly Disagree,Strongly Agree,Strongly Disagree
Amanda Rodriguez,2,23596791,3.0,1.25,5.0,1.5,2.0,1.0,5.0,4.0,2.84,2,Agree,Agree,Disagree,Strongly Agree,Strongly Agree,Disagree,Strongly Disagree,Disagree,Strongly Disagree,Strongly Agree,Strongly Agree,Agree,Disagree,Disagree,Strongly Disagree,Agree,Disagree,Strongly Disagree
Benjamin Russo,1,24316436,4.0,3.0,2.75,3.0,2.75,,,,3.04,0,Agree,Agree,Strongly Disagree,Strongly Agree,Strongly Agree,Strongly Disagree,Strongly Disagree,Strongly Disagree,Strongly Disagree,Strongly Disagree,Strongly Agree,Agree,Agree,Strongly Disagree,Strongly Agree,Strongly Disagree,Strongly Agree,Agree
Rhonda Sandoval,4,21298152,1.25,2.25,2.5,2.0,2.0,,,,2.0,0,Agree,Strongly Disagree,Strongly Agree,Strongly Disagree,Strongly Disagree,Strongly Agree,Strongly Disagree,Strongly Disagree,Disagree,Disagree,Strongly Agree,Disagree,Disagree,Disagree,Strongly Agree,Agree,Disagree,Disagree
Donald Franklin,1,24730856,3.0,2.0,2.5,2.5,5.0,,,,3.0,1,Agree,Strongly Disagree,Disagree,Agree,Agree,Strongly Disagree,Strongly Disagree,Strongly Agree,Agree,Strongly Disagree,Strongly Agree,Strongly Disagree,Strongly Disagree,Strongly Disagree,Disagree,Strongly Agree,Agree,Strongly Agree
Lori Morris,3,22276278,1.25,1.75,2.0,2.0,5.0,2.5,2.0,,2.36,1,Strongly Disagree,Strongly Agree,Agree,Strongly Disagree,Agree,Strongly Agree,Disagree,Agree,Strongly Disagree,Disagree,Disagree,Strongly Agree,Disagree,Disagree,Disagree,Strongly Agree,Strongly Disagree,Strongly Disagree
Jennifer Burton,1,24170604,1.25,2.5,1.25,5.0,1.25,,,,2.32,1,Disagree,Agree,Strongly Agree,Agree,Agree,Disagree,Strongly Disagree,Disagree,Agree,Disagree,Disagree,Strongly Agree,Strongly Disagree,Strongly Agree,Strongly Agree,Strongly Disagree,Disagree,Strongly Disagree
Mary Stevens,4,21425346,2.0,1.75,2.75,1.25,3.0,,,,2.15,0,Strongly Agree,Strongly Agree,Strongly Agree,Agree,Strongly Agree,Agree,Disagree,Disagree,Strongly Disagree,Agree,Disagree,Strongly Disagree,Disagree,Strongly Disagree,Disagree,Disagree,Strongly Agree,Strongly Agree
Christina Kim,3,22896154,2.25,3.0,3.0,2.5,3.0,2.75,1.25,,2.54,0,Disagree,Disagree,Agree,Disagree,Strongly Agree,Strongly Agree,Strongly Disagree,Strongly Disagree,Agree,Strongly Agree,Strongly Disagree,Strongly Agree,Disagree,Strongly Disagree,Agree,Strongly Disagree,Strongly Disagree,Agree
Kari Smith,3,22258778,1.0,2.25,2.75,2.75,1.0,2.5,1.75,,2.0,0,Disagree,Strongly Disagree,Agree,Strongly Disagree,Disagree,Agree,Strongly Agree,Strongly Disagree,Strongly Agree,Strongly Agree,Disagree,Strongly Agree,Disagree,Strongly Disagree,Agree,Strongly Agree,Strongly Disagree,Strongly Agree
Brittney Johnson,1,24920860,5.0,1.25,3.0,1.0,1.5,,,,2.16,1,Strongly Disagree,Agree,Disagree,Strongly Disagree,Strongly Agree,Strongly Agree,Agree,Agree,Strongly Agree,Strongly Disagree,Disagree,Disagree,Disagree,Agree,Strongly Agree,Strongly Agree,Strongly Agree,Disagree
Patricia Rodriguez,1,24941280,2.0,1.75,2.25,1.0,2.5,,,,1.89,0,Strongly Agree,Agree,Strongly Disagree,Strongly Agree,Strongly Disagree,Agree,Disagree,Disagree,Agree,Disagree,Disagree,Strongly Agree,Disagree,Strongly Agree,Disagree,Agree,Agree,Strongly Disagree
Joel Martinez,4,21367822,2.5,3.0,2.5,1.25,3.0,,,,2.45,0,Agree,Disagree,Disagree,Disagree,Strongly Agree,Strongly Disagree,Disagree,Disagree,Agree,Agree,Agree,Agree,Disagree,Strongly Disagree,Agree,Agree,Strongly Agree,Agree
Darlene Holt,4,21831238,2.25,2.0,2.5,4.0,1.5,,,,2.45,0,Disagree,Disagree,Agree,Strongly Agree,Strongly Disagree,Agree,Disagree,Strongly Disagree,Strongly Agree,Strongly Agree,Disagree,Strongly Agree,Strongly Disagree,Strongly Agree,Strongly Agree,Strongly Agree,Disagree,Strongly Agree
Kelly Hall,3,22112447,1.5,2.75,1.5,2.5,2.75,5.0,2.25,,2.61,1,Agree,Strongly Disagree,Disagree,Strongly Agree,Disagree,Agree,Disagree,Agree,Disagree,Strongly Agree,Agree,Disagree,Strongly Agree,Strongly Agree,Strongly Agree,Disagree,Strongly Disagree,Strongly Disagree
Alexandra Edwards,3,22807505,2.25,2.0,1.5,5.0,1.5,5.0,1.0,,2.61,2,Disagree,Disagree,Strongly Disagree,Strongly Agree,Disagree,Strongly Disagree,Strongly Disagree,Disagree,Disagree,Strongly Disagree,Disagree,Strongly Disagree,Agree,Strongly Disagree,Strongly Disagree,Strongly Disagree,Strongly Disagree,Strongly Disagree
Brandon Smith,1,24104193,1.0,1.25,2.5,2.0,1.25,,,,1.64,0,Strongly Agree,Strongly Agree,Strongly Agree,Strongly Disagree,Agree,Strongly Disagree,Agree,Strongly Disagree,Strongly Disagree,Strongly Disagree,Disagree,Strongly Disagree,Disagree,Agree,Disagree,Agree,Strongly Agree,Strongly Disagree
Andrea Wilson,3,22904630,1.5,2.25,2.75,2.0,1.75,2.5,4.0,,2.39,0,Strongly Agree,Disagree,Strongly Agree,Strongly Disagree,Disagree,Disagree,Strongly Disagree,Disagree,Strongly Disagree,Agree,Disagree,Agree,Disagree,Agree,Strongly Disagree,Agree,Strongly Disagree,Strongly Agree
Michael Harris,1,24359973,1.5,1.25,5.0,1.25,5.0,,,,2.89,2,Strongly Disagree,Agree,Agree,Disagree,Strongly Disagree,Disagree,Agree,Strongly Disagree,Strongly Disagree,Strongly Disagree,Disagree,Disagree,Agree,Disagree,Strongly Agree,Agree,Disagree,Strongly Disagree
Kristin Glass,3,22504170,4.0,1.75,1.5,2.0,5.0,1.5,3.0,,2.68,1,Agree,Disagree,Strongly Agree,Disagree,Disagree,Disagree,Agree,Agree,Agree,Strongly Agree,Disagree,Strongly Disagree,Agree,Agree,Strongly Disagree,Strongly Agree,Agree,Strongly Disagree
Wendy Howard,2,23593466,1.5,2.25,2.75,4.0,3.0,1.75,5.0,2.25,2.87,1,Agree,Agree,Agree,Strongly Disagree,Agree,Strongly Disagree,Strongly Agree,Strongly Agree,Agree,Strongly Disagree,Strongly Agree,Disagree,Agree,Strongly Agree,Agree,Strongly Disagree,Agree,Disagree
Erica Campbell,4,21047461,4.0,1.0,2.0,5.0,2.5,,,,2.9,1,Strongly Disagree,Strongly Disagree,Disagree,Disagree,Strongly Disagree,Disagree,Strongly Disagree,Strongly Agree,Strongly Agree,Disagree,Disagree,Disagree,Strongly Agree,Strongly Disagree,Strongly Agree,Agree,Strongly Agree,Agree
Alexander Cummings,1,24076533,2.25,5.0,1.0,1.5,1.5,,,,2.25,1,Disagree,Disagree,Disagree,Agree,Strongly Agree,Agree,Agree,Strongly Disagree,Strongly Agree,Strongly Agree,Agree,Strongly Agree,Strongly Disagree,Strongly Disagree,Strongly Disagree,Strongly Disagree,Strongly Disagree,Disagree
Lonnie Brown,4,21619299,5.0,1.75,4.0,1.75,2.75,,,,3.05,1,Agree,Agree,Strongly Disagree,Strongly Disagree,Strongly Agree,Strongly Disagree,Agree,Agree,Strongly Disagree,Strongly Agree,Strongly Agree,Disagree,Disagree,Disagree,Strongly Agree,Agree,Strongly Agree,Disagree
David Landry,3,22632031,2.75,2.75,4.0,2.25,2.5,1.0,1.75,,2.43,0,Disagree,Strongly Agree,Disagree,Disagree,Strongly Disagree,Agree,Disagree,Strongly Disagree,Disagree,Disagree,Strongly Disagree,Strongly Disagree,Strongly Disagree,Strongly Agree,Strongly Agree,Disagree,Agree,Agree
Herbert Parker,1,24609075,3.0,2.25,2.25,2.5,2.75,,,,2.52,0,Strongly Agree,Strongly Agree,Disagree,Strongly Disagree,Agree,Agree,Agree,Agree,Disagree,Strongly Disagree,Strongly Disagree,Strongly Disagree,Strongly Disagree,Strongly Agree,Strongly Agree,Agree,Strongly Disagree,Strongly Agree
Mathew Turner,2,23341600,1.0,2.75,1.75,2.5,2.75,2.75,1.0,2.75,2.21,0,Disagree,Agree,Disagree,Disagree,Strongly Disagree,Strongly Agree,Strongly Disagree,Disagree,Strongly Disagree,Disagree,Disagree,Strongly Agree,Strongly Disagree,Agree,Strongly Agree,Strongly Disagree,Agree,Strongly Disagree
Erik Gomez,3,22653243,1.5,3.0,1.5,4.0,1.0,2.5,1.25,,2.11,0,Agree,Agree,Strongly Disagree,Strongly Disagree,Strongly Agree,Disagree,Strongly Disagree,Strongly Agree,Strongly Agree,Strongly Agree,Strongly Agree,Agree,Disagree,Strongly Disagree,Strongly Agree,Agree,Strongly Disagree,Agree
Cindy Martinez,4,21004710,2.5,1.0,1.75,5.0,3.0,,,,2.65,1,Agree,Agree,Agree,Strongly Agree,Disagree,Strongly Disagree,Strongly Disagree,Agree,Strongly Disagree,Disagree,Strongly Disagree,Strongly Agree,Disagree,Agree,Strongly Agree,Strongly Disagree,Disagree,Strongly Disagree
Kelly Campbell,3,22393758,5.0,2.25,1.5,2.75,1.5,2.75,1.25,,2.43,1,Strongly Disagree,Disagree,Strongly Agree,Disagree,Agree,Strongly Agree,Strongly Agree,Strongly Disagree,Disagree,Strongly Agree,Disagree,Disagree,Agree,Agree,Strongly Disagree,Strongly Agree,Disagree,Strongly Agree
Hunter Yu,2,23808481,2.25,4.0,1.5,2.75,2.0,3.0,5.0,5.0,3.23,2,Strongly Disagree,Strongly Disagree,Agree,Strongly Disagree,Strongly Agree,Agree,Strongly Agree,Strongly Agree,Strongly Agree,Strongly Disagree,Strongly Disagree,Strongly Disagree,Strongly Disagree,Strongly Disagree,Agree,Strongly Disagree,Strongly Agree,Strongly Disagree
Jill Hamilton,4,21749142,1.5,3.0,2.0,2.5,1.25,,,,2.05,0,Disagree,Agree,Strongly Disagree,Agree,Disagree,Disagree,Strongly Disagree,Disagree,Strongly Agree,Agree,Strongly Agree,Strongly Disagree,Strongly Disagree,Strongly Agree,Strongly Disagree,Disagree,Agree,Strongly Agree
Michael Griffith,2,23557619,4.0,2.25,2.25,5.0,2.0,1.75,4.0,1.0,2.73,1,Disagree,Strongly Agree,Disagree,Disagree,Disagree,Strongly Agree,Strongly Agree,Disagree,Strongly Disagree,Strongly Disagree,Strongly Agree,Strongly Agree,Disagree,Agree,Strongly Agree,Disagree,Strongly Agree,Agree
Mario Garcia,1,24702774,1.75,1.25,2.0,2.5,5.0,,,,2.55,1,Strongly Disagree,Strongly Disagree,Strongly Agree,Strongly Agree,Disagree,Agree,Agree,Strongly Agree,Disagree,Agree,Strongly Agree,Agree,Agree,Disagree,Agree,Strongly Disagree,Agree,Agree
Dylan Robles,3,22666408,4.0,2.25,5.0,1.25,1.75,1.25,4.0,,2.79,1,Strongly Disagree,Agree,Disagree,Strongly Disagree,Strongly Agree,Strongly Disagree,Disagree,Strongly Agree,Agree,Disagree,Strongly Disagree,Agree,Strongly Disagree,Agree,Disagree,Disagree,Disagree,Agree
Kayla Kim,4,21096990,2.75,4.0,3.0,2.25,2.0,,,,2.8,0,Agree,Strongly Agree,Disagree,Agree,Strongly Agree,Agree,Disagree,Strongly Disagree,Agree,Strongly Agree,Agree,Strongly Disagree,Agree,Disagree,Strongly Agree,Strongly Disagree,Strongly Agree,Strongly Disagree
Karen Scott,1,24024758,5.0,4.0,2.0,1.0,1.75,,,,2.59,1,Disagree,Strongly Agree,Strongly Agree,Strongly Agree,Disagree,Disagree,Strongly Agree,Strongly Disagree,Strongly Agree,Agree,Strongly Agree,Agree,Disagree,Strongly Agree,Strongly Disagree,Agree,Disagree,Strongly Disagree
Rebecca Hughes,2,23318551,3.0,2.75,4.0,1.25,1.0,2.25,2.75,4.0,2.61,0,Disagree,Agree,Strongly Agree,Disagree,Disagree,Strongly Disagree,Strongly Disagree,Strongly Disagree,Agree,Strongly Disagree,Disagree,Disagree,Agree,Agree,Strongly Agree,Disagree,Strongly Agree,Strongly Agree
Timothy Smith,1,24027562,2.0,1.75,1.5,2.5,2.0,,,,1.95,0,Strongly Agree,Disagree,Agree,Strongly Agree,Strongly Agree,Disagree,Strongly Disagree,Agree,Strongly Disagree,Strongly Agree,Strongly Disagree,Disagree,Strongly Agree,Strongly Agree,Disagree,Agree,Disagree,Strongly Agree
Caroline Lee,2,23500012,5.0,3.0,2.75,1.25,2.25,2.5,5.0,3.0,3.01,2,Agree,Agree,Strongly Disagree,Strongly Disagree,Agree,Disagree,Strongly Agree,Disagree,Agree,Disagree,Agree,Strongly Disagree,Agree,Disagree,Strongly Disagree,Disagree,Strongly Agree,Strongly Disagree
Marcus Flores,3,22981149,4.0,2.5,1.25,5.0,3.0,2.25,2.25,,2.89,1,Strongly Agree,Strongly Agree,Strongly Disagree,Strongly Disagree,Agree,Strongly Disagree,Strongly Disagree,Agree,Strongly Agree,Disagree,Agree,Disagree,Strongly Disagree,Agree,Strongly Disagree,Strongly Disagree,Strongly Disagree,Strongly Disagree
Kayla Mora,2,23821098,4.0,1.5,2.25,1.25,1.5,1.75,5.0,2.0,2.34,1,Agree,Strongly Disagree,Disagree,Disagree,Agree,Agree,Strongly Agree,Disagree,Disagree,Strongly Disagree,Strongly Disagree,Strongly Agree,Agree,Disagree,Strongly Agree,Strongly Disagree,Disagree,Disagree
Debra Schultz,4,21934054,3.0,1.75,1.75,1.75,4.0,,,,2.45,0,Strongly Agree,Strongly Disagree,Disagree,Agree,Agree,Strongly Disagree,Strongly Disagree,Strongly Disagree,Strongly Agree,Disagree,Strongly Agree,Disagree,Agree,Agree,Agree,Agree,Disagree,Agree
Elizabeth Ramsey,1,24966200,1.0,5.0,1.75,5.0,1.25,,,,2.93,2,Agree,Agree,Disagree,Strongly Agree,Agree,Strongly Disagree,Disagree,Strongly Agree,Disagree,Strongly Agree,Strongly Agree,Strongly Agree,Agree,Disagree,Disagree,Strongly Disagree,Disagree,Strongly Agree
William Russo,1,24721918,4.0,2.25,2.0,1.75,1.5,,,,2.18,0,Strongly Agree,Strongly Agree,Strongly Agree,Disagree,Disagree,Strongly Agree,Strongly Agree,Agree,Disagree,Disagree,Agree,Strongly Disagree,Strongly Agree,Strongly Disagree,Agree,Strongly Disagree,Strongly Disagree,Agree
Michael Anderson,1,24719310,1.75,1.0,5.0,3.0,2.25,,,,2.66,1,Strongly Disagree,Disagree,Strongly Disagree,Disagree,Disagree,Agree,Disagree,Disagree,Agree,Strongly Disagree,Strongly Disagree,Disagree,Strongly Agree,Strongly Agree,Strongly Agree,Agree,Agree,Disagree
Jodi Reese MD,1,24872042,2.75,1.5,2.5,2.25,5.0,,,,2.8,1,Disagree,Disagree,Strongly Disagree,Agree,Strongly Agree,Strongly Agree,Strongly Agree,Disagree,Agree,Strongly Agree,Strongly Agree,Strongly Disagree,Disagree,Strongly Disagree,Agree,Strongly Agree,Disagree,Strongly Agree
Alyssa Lloyd,3,22885316,5.0,2.0,2.5,2.0,5.0,2.5,3.0,,3.14,2,Strongly Disagree,Strongly Disagree,Disagree,Strongly Disagree,Agree,Agree,Disagree,Strongly Disagree,Strongly Disagree,Strongly Agree,Disagree,Strongly Agree,Disagree,Strongly Agree,Disagree,Agree,Strongly Disagree,Strongly Disagree
Christopher Alexander,2,23848283,5.0,2.0,3.0,1.75,3.0,1.5,1.5,2.75,2.46,1,Disagree,Strongly Disagree,Disagree,Agree,Strongly Disagree,Strongly Disagree,Agree,Disagree,Disagree,Agree,Strongly Agree,Disagree,Disagree,Strongly Agree,Disagree,Strongly Disagree,Strongly Agree,Strongly Disagree
Amber Jackson,4,21615479,2.25,5.0,2.25,5.0,1.0,,,,3.1,2,Agree,Strongly Agree,Strongly Disagree,Disagree,Strongly Agree,Disagree,Strongly Disagree,Disagree,Agree,Strongly Agree,Agree,Disagree,Agree,Strongly Agree,Strongly Agree,Strongly Agree,Disagree,Agree
Joshua Graves,2,23646644,5.0,1.75,1.0,4.0,4.0,2.75,1.5,1.5,2.59,1,Strongly Agree,Agree,Strongly Agree,Disagree,Disagree,Disagree,Disagree,Agree,Disagree,Disagree,Agree,Strongly Agree,Strongly Disagree,Disagree,Strongly Agree,Disagree,Strongly Disagree,Disagree
Rodney Ward,1,24127501,1.0,1.25,2.75,2.75,4.0,,,,2.45,0,Disagree,Strongly Agree,Strongly Disagree,Disagree,Strongly Disagree,Strongly Disagree,Agree,Strongly Disagree,Agree,Disagree,Disagree,Strongly Agree,Agree,Strongly Disagree,Strongly Agree,Strongly Agree,Strongly Agree,Agree
Jacqueline West MD,4,21450790,1.25,2.5,2.5,1.75,3.0,,,,2.2,0,Disagree,Agree,Agree,Disagree,Agree,Disagree,Strongly Agree,Agree,Disagree,Strongly Disagree,Agree,Strongly Disagree,Agree,Strongly Disagree,Strongly Disagree,Disagree,Strongly Agree,Disagree
Timothy Garza,4,21505853,2.5,1.75,3.0,2.25,5.0,,,,2.9,1,Strongly Agree,Disagree,Agree,Disagree,Strongly Agree,Strongly Agree,Strongly Agree,Strongly Agree,Strongly Disagree,Strongly Disagree,Strongly Disagree,Strongly Disagree,Agree,Disagree,Agree,Disagree,Agree,Strongly Disagree
Brittany Tucker,4,21284980,2.0,1.0,1.0,1.0,2.75,,,,1.55,0,Agree,Disagree,Agree,Disagree,Agree,Strongly Agree,Strongly Disagree,Agree,Disagree,Strongly Disagree,Strongly Agree,Strongly Disagree,Disagree,Strongly Disagree,Agree,Strongly Disagree,Strongly Agree,Agree
Devon Foster,3,22549039,2.5,1.5,1.75,1.5,2.5,2.5,2.75,,2.14,0,Strongly Disagree,Agree,Disagree,Disagree,Strongly Agree,Agree,Agree,Strongly Agree,Agree,Disagree,Strongly Agree,Strongly Disagree,Strongly Agree,Disagree,Strongly Disagree,Agree,Strongly Disagree,Disagree
Judith Hale,2,23096570,3.0,5.0,2.5,5.0,2.25,3.0,4.0,2.25,3.39,2,Disagree,Strongly Agree,Disagree,Disagree,Strongly Agree,Strongly Disagree,Strongly Disagree,Agree,Strongly Disagree,Strongly Agree,Strongly Agree,Strongly Disagree,Agree,Strongly Disagree,Disagree,Agree,Strongly Disagree,Strongly Disagree
Leslie Lloyd DVM,4,21130190,2.25,4.0,2.25,3.0,3.0,,,,2.9,0,Strongly Disagree,Disagree,Strongly Disagree,Strongly Disagree,Strongly Disagree,Agree,Strongly Disagree,Strongly Agree,Disagree,Strongly Disagree,Strongly Disagree,Strongly Agree,Strongly Disagree,Disagree,Strongly Disagree,Disagree,Strongly Agree,Strongly Agree
Hannah Monroe,1,24827076,4.0,2.75,4.0,5.0,1.75,,,,3.46,1,Strongly Disagree,Disagree,Strongly Agree,Agree,Agree,Disagree,Strongly Agree,Disagree,Disagree,Agree,Strongly Agree,Strongly Agree,Strongly Agree,Strongly Disagree,Strongly Agree,Strongly Disagree,Agree,Agree
Alicia Weiss,2,23049145,2.75,2.25,2.25,2.75,1.0,2.0,1.0,2.25,2.0,0,Strongly Agree,Agree,Strongly Agree,Strongly Agree,Disagree,Agree,Disagree,Strongly Disagree,Agree,Agree,Strongly Disagree,Disagree,Disagree,Strongly Disagree,Strongly Agree,Strongly Agree,Agree,Agree
Stephanie Rogers,1,24307480,5.0,1.75,2.25,2.0,2.25,,,,2.48,1,Strongly Agree,Strongly Agree,Strongly Agree,Disagree,Disagree,Disagree,Agree,Strongly Agree,Strongly Agree,Agree,Strongly Disagree,Strongly Agree,Agree,Disagree,Strongly Agree,Strongly Agree,Agree,Agree
Samantha Wallace,3,22141645,2.25,2.5,2.0,2.75,2.25,2.5,2.0,,2.32,0,Strongly Agree,Agree,Disagree,Strongly Disagree,Agree,Agree,Agree,Disagree,Disagree,Agree,Disagree,Strongly Agree,Disagree,Strongly Disagree,Strongly Agree,Agree,Strongly Disagree,Disagree
Jane Mccall,3,22627794,1.5,4.0,2.5,2.0,2.5,1.25,4.0,,2.54,0,Strongly Agree,Disagree,Disagree,Disagree,Strongly Agree,Strongly Agree,Strongly Agree,Disagree,Strongly Agree,Strongly Agree,Agree,Agree,Agree,Disagree,Strongly Disagree,Strongly Agree,Strongly Agree,Strongly Agree
Dana Patterson,3,22719942,1.0,1.5,1.75,5.0,3.0,3.0,5.0,,2.89,2,Strongly Agree,Agree,Agree,Strongly Disagree,Strongly Agree,Strongly Agree,Strongly Agree,Disagree,Strongly Agree,Strongly Disagree,Agree,Strongly Disagree,Strongly Agree,Strongly Agree,Agree,Disagree,Agree,Agree
Jamie Murphy,3,22440633,2.5,1.75,3.0,2.0,2.5,1.0,4.0,,2.39,0,Disagree,Agree,Strongly Agree,Strongly Disagree,Strongly Disagree,Agree,Disagree,Agree,Strongly Agree,Strongly Disagree,Agree,Strongly Agree,Disagree,Agree,Strongly Agree,Strongly Disagree,Strongly Agree,Strongly Disagree
Emma Freeman,2,23267851,1.0,5.0,1.0,4.0,3.0,3.0,2.0,4.0,2.96,1,Agree,Strongly Agree,Strongly Disagree,Disagree,Disagree,Agree,Agree,Strongly Agree,Strongly Agree,Disagree,Strongly Agree,Strongly Agree,Strongly Agree,Strongly Disagree,Strongly Agree,Disagree,Agree,Strongly Agree
Fernando Wilson,4,21011472,1.25,5.0,2.0,1.75,5.0,,,,3.0,2,Strongly Disagree,Agree,Agree,Strongly Disagree,Strongly Disagree,Strongly Disagree,Strongly Disagree,Strongly Disagree,Strongly Agree,Agree,Agree,Strongly Disagree,Strongly Agree,Agree,Strongly Disagree,Strongly Disagree,Agree,Strongly Disagree
Mr. James Johnson,3,22176045,1.0,2.5,5.0,2.75,1.75,1.75,2.0,,2.39,1,Strongly Disagree,Agree,Disagree,Agree,Agree,Disagree,Agree,Strongly Disagree,Strongly Disagree,Agree,Strongly Disagree,Agree,Agree,Strongly Disagree,Agree,Strongly Disagree,Agree,Disagree
Christine Smith DDS,1,24576253,1.5,2.25,1.75,2.5,1.25,,,,1.88,0,Strongly Disagree,Disagree,Disagree,Disagree,Agree,Disagree,Agree,Strongly Agree,Disagree,Strongly Disagree,Strongly Agree,Disagree,Strongly Disagree,Strongly Agree,Strongly Disagree,Disagree,Strongly Agree,Disagree
Kenneth Gentry,2,23796898,2.0,3.0,4.0,5.0,5.0,3.0,4.0,2.75,3.66,2,Agree,Strongly Agree,Disagree,Agree,Strongly Disagree,Strongly Agree,Strongly Agree,Disagree,Agree,Strongly Disagree,Disagree,Disagree,Strongly Disagree,Strongly Disagree,Strongly Disagree,Agree,Strongly Disagree,Strongly Agree
John Conley,4,21694751,2.5,2.25,2.25,1.5,1.0,,,,1.9,0,Agree,Strongly Disagree,Disagree,Disagree,Strongly Disagree,Strongly Agree,Disagree,Disagree,Strongly Agree,Agree,Strongly Agree,Strongly Agree,Agree,Strongly Disagree,Strongly Agree,Strongly Agree,Disagree,Strongly Disagree
Carlos Brown,3,22887000,2.5,1.5,3.0,1.0,2.0,1.75,1.5,,1.89,0,Disagree,Strongly Agree,Strongly Disagree,Strongly Disagree,Strongly Agree,Strongly Disagree,Strongly Agree,Strongly Agree,Agree,Disagree,Strongly Disagree,Agree,Strongly Disagree,Strongly Agree,Disagree,Strongly Agree,Strongly Agree,Strongly Disagree
Pamela Simmons,3,22513187,3.0,1.25,1.5,2.75,2.25,2.5,2.0,,2.18,0,Agree,Disagree,Strongly Agree,Agree,Agree,Agree,Agree,Strongly Agree,Disagree,Strongly Agree,Strongly Agree,Disagree,Disagree,Strongly Disagree,Agree,Agree,Strongly Disagree,Strongly Disagree
William Wright,1,24474133,2.5,2.25,2.5,2.5,2.25,,,,2.39,0,Agree,Agree,Agree,Strongly Disagree,Strongly Agree,Agree,Agree,Disagree,Strongly Agree,Strongly Disagree,Agree,Disagree,Disagree,Strongly Agree,Strongly Disagree,Strongly Agree,Agree,Agree
Rhonda Chavez,4,21575770,3.0,1.5,1.75,2.75,1.75,,,,2.15,0,Strongly Agree,Agree,Strongly Agree,Strongly Disagree,Agree,Disagree,Strongly Agree,Strongly Agree,Strongly Disagree,Strongly Disagree,Strongly Agree,Disagree,Strongly Disagree,Disagree,Disagree,Agree,Agree,Strongly Agree
Erin Barrera,1,24799645,1.5,2.25,3.0,2.5,1.0,,,,2.09,0,Strongly Disagree,Agree,Strongly Agree,Strongly Disagree,Strongly Disagree,Agree,Strongly Agree,Disagree,Agree,Disagree,Disagree,Disagree,Agree,Agree,Strongly Disagree,Disagree,Strongly Disagree,Strongly Agree
Loretta Franco,2,23401112,2.0,1.5,2.25,1.0,3.0,2.25,2.0,1.75,1.97,0,Strongly Agree,Strongly Agree,Agree,Agree,Strongly Disagree,Strongly Disagree,Agree,Agree,Disagree,Agree,Disagree,Strongly Agree,Agree,Strongly Agree,Strongly Disagree,Disagree,Strongly Disagree,Strongly Agree
Sharon Gomez,1,24760917,5.0,3.0,2.75,2.0,2.5,,,,2.91,1,Strongly Disagree,Strongly Agree,Agree,Strongly Agree,Disagree,Strongly Agree,Strongly Agree,Agree,Disagree,Strongly Agree,Agree,Agree,Strongly Agree,Strongly Disagree,Strongly Agree,Disagree,Strongly Disagree,Strongly Disagree
Tony Graham,1,24424244,1.25,1.5,2.75,2.5,1.25,,,,1.89,0,Disagree,Strongly Agree,Strongly Disagree,Strongly Agree,Disagree,Agree,Agree,Agree,Disagree,Disagree,Disagree,Strongly Disagree,Strongly Agree,Agree,Agree,Agree,Agree,Disagree
Robert Bell,3,22345683,1.5,1.25,3.0,1.5,1.5,1.25,2.0,,1.71,0,Agree,Strongly Agree,Disagree,Strongly Disagree,Agree,Strongly Disagree,Disagree,Agree,Strongly Disagree,Disagree,Strongly Disagree,Strongly Disagree,Strongly Disagree,Strongly Agree,Disagree,Strongly Disagree,Disagree,Strongly Agree
Keith Miller,2,23832565,2.25,3.0,2.0,1.0,3.0,1.75,1.25,2.0,2.02,0,Strongly Disagree,Disagree,Strongly Agree,Strongly Agree,Strongly Agree,Agree,Strongly Agree,Strongly Disagree,Disagree,Disagree,Strongly Disagree,Strongly Disagree,Disagree,Strongly Agree,Agree,Strongly Agree,Agree,Strongly Agree
Lisa Williams,1,24001753,2.25,2.5,4.0,2.5,2.0,,,,2.68,0,Agree,Strongly Disagree,Disagree,Strongly Agree,Disagree,Strongly Disagree,Disagree,Agree,Disagree,Disagree,Disagree,Disagree,Strongly Agree,Strongly Disagree,Strongly Agree,Agree,Agree,Disagree
Edward Jordan,1,24136379,1.0,1.5,3.0,4.0,1.0,,,,2.18,0,Strongly Disagree,Strongly Disagree,Agree,Strongly Disagree,Strongly Disagree,Disagree,Disagree,Strongly Disagree,Agree,Strongly Agree,Strongly Disagree,Disagree,Disagree,Strongly Disagree,Disagree,Strongly Disagree,Agree,Strongly Agree
Rebecca Yang,3,22952787,2.25,1.75,4.0,1.0,1.5,1.75,2.25,,2.07,0,Strongly Agree,Strongly Agree,Strongly Disagree,Strongly Disagree,Strongly Disagree,Disagree,Strongly Disagree,Agree,Disagree,Strongly Disagree,Disagree,Strongly Disagree,Disagree,Strongly Disagree,Strongly Agree,Disagree,Disagree,Strongly Agree
Kayla Miller,2,23557980,2.25,2.0,1.5,1.75,4.0,1.5,2.75,2.75,2.32,0,Strongly Disagree,Disagree,Strongly Disagree,Disagree,Agree,Strongly Agree,Disagree,Strongly Disagree,Strongly Disagree,Strongly Agree,Strongly Agree,Strongly Agree,Disagree,Disagree,Agree,Agree,Strongly Disagree,Disagree
Patrick Johnson,1,24778887,2.25,1.75,1.75,2.5,2.25,,,,2.09,0,Strongly Agree,Disagree,Strongly Agree,Disagree,Strongly Disagree,Disagree,Disagree,Strongly Agree,Strongly Disagree,Strongly Agree,Strongly Agree,Strongly Agree,Strongly Disagree,Strongly Disagree,Strongly Agree,Disagree,Strongly Disagree,Agree
Alan Nguyen,4,21685556,4.0,4.0,1.25,2.5,2.75,,,,2.9,0,Strongly Disagree,Disagree,Agree,Disagree,Agree,Disagree,Agree,Strongly Agree,Strongly Agree,Agree,Strongly Disagree,Agree,Strongly Agree,Strongly Disagree,Agree,Disagree,Agree,Agree
John Thompson,1,24177060,2.0,1.5,1.75,1.25,4.0,,,,2.11,0,Disagree,Strongly Disagree,Strongly Agree,Strongly Disagree,Agree,Strongly Agree,Disagree,Strongly Disagree,Strongly Agree,Disagree,Agree,Disagree,Agree,Strongly Disagree,Disagree,Strongly Agree,Agree,Strongly Agree
Autumn Mccormick,3,22440652,4.0,4.0,4.0,2.5,4.0,4.0,2.25,,3.54,0,Strongly Disagree,Strongly Disagree,Disagree,Strongly Disagree,Strongly Disagree,Strongly Disagree,Strongly Disagree,Strongly Disagree,Strongly Agree,Strongly Disagree,Agree,Disagree,Disagree,Strongly Agree,Strongly Disagree,Strongly Disagree,Disagree,Strongly Disagree
Jennifer Blackwell,2,23349476,2.5,1.75,3.0,1.0,5.0,2.0,2.5,3.0,2.6,1,Strongly Disagree,Agree,Strongly Agree,Strongly Disagree,Strongly Agree,Disagree,Strongly Disagree,Strongly Agree,Strongly Disagree,Disagree,Strongly Disagree,Disagree,Agree,Disagree,Agree,Disagree,Agree,Disagree
Kristin Walsh,2,23469660,2.25,1.25,2.0,2.5,1.0,1.5,5.0,2.5,2.25,1,Agree,Strongly Disagree,Strongly Agree,Agree,Agree,Disagree,Disagree,Strongly Disagree,Disagree,Disagree,Disagree,Agree,Strongly Agree,Strongly Agree,Strongly Agree,Disagree,Disagree,Strongly Agree
Charles Nolan,2,23128730,1.0,1.25,2.5,1.75,3.0,2.0,1.0,5.0,2.24,1,Strongly Agree,Disagree,Strongly Disagree,Agree,Strongly Disagree,Disagree,Strongly Agree,Strongly Disagree,Strongly Agree,Disagree,Agree,Disagree,Agree,Agree,Disagree,Disagree,Strongly Agree,Strongly Disagree
Shane Reyes,2,23105584,1.0,4.0,1.0,1.75,1.25,1.5,1.5,5.0,2.17,1,Disagree,Strongly Agree,Strongly Disagree,Strongly Agree,Disagree,Agree,Strongly Disagree,Disagree,Disagree,Strongly Disagree,Disagree,Strongly Agree,Strongly Agree,Strongly Disagree,Agree,Disagree,Agree,Strongly Agree
Lisa Ward,4,21239278,1.25,1.5,2.0,1.0,4.0,,,,1.95,0,Strongly Disagree,Strongly Agree,Strongly Disagree,Strongly Disagree,Disagree,Disagree,Disagree,Disagree,Strongly Agree,Strongly Disagree,Disagree,Strongly Agree,Strongly Disagree,Disagree,Strongly Disagree,Strongly Disagree,Agree,Agree
Sarah Cruz MD,3,22658997,1.5,2.75,3.0,1.0,1.75,5.0,3.0,,2.57,1,Strongly Disagree,Strongly Agree,Strongly Disagree,Strongly Agree,Agree,Strongly Agree,Agree,Disagree,Strongly Disagree,Agree,Disagree,Strongly Agree,Agree,Disagree,Agree,Disagree,Strongly Disagree,Strongly Disagree
Teresa Howard,1,24858951,3.0,5.0,1.75,2.0,4.0,,,,3.16,1,Disagree,Strongly Disagree,Agree,Strongly Disagree,Strongly Disagree,Strongly Disagree,Strongly Disagree,Strongly Disagree,Agree,Strongly Disagree,Disagree,Disagree,Agree,Agree,Agree,Agree,Disagree,Strongly Agree
Joseph Ford,2,23511943,3.0,1.75,2.25,2.25,3.0,2.25,2.75,1.25,2.28,0,Strongly Disagree,Strongly Agree,Disagree,Agree,Strongly Disagree,Strongly Disagree,Agree,Strongly Agree,Agree,Disagree,Strongly Disagree,Strongly Disagree,Strongly Disagree,Strongly Disagree,Disagree,Strongly Agree,Strongly Agree,Disagree
Lance Smith,3,22841695,4.0,1.0,2.75,1.25,1.5,2.5,2.75,,2.25,0,Strongly Agree,Strongly Agree,Strongly Agree,Strongly Agree,Strongly Agree,Strongly Disagree,Strongly Agree,Disagree,Strongly Agree,Disagree,Disagree,Disagree,Strongly Disagree,Strongly Agree,Agree,Agree,Agree,Agree
Melanie Arnold,2,23603559,2.25,1.25,2.75,1.25,2.0,1.5,4.0,1.25,2.02,0,Agree,Strongly Disagree,Disagree,Strongly Disagree,Disagree,Strongly Agree,Disagree,Agree,Strongly Agree,Strongly Disagree,Disagree,Agree,Strongly Disagree,Agree,Strongly Agree,Strongly Agree,Strongly Disagree,Disagree
Keith Lowery,1,24524974,2.25,1.0,5.0,4.0,2.25,,,,2.95,1,Agree,Strongly Disagree,Agree,Strongly Agree,Strongly Disagree,Strongly Agree,Strongly Disagree,Disagree,Disagree,Agree,Agree,Strongly Agree,Agree,Disagree,Agree,Disagree,Strongly Agree,Strongly Agree
Kelli Bennett,1,24365406,2.5,2.25,4.0,2.75,2.75,,,,2.88,0,Disagree,Strongly Disagree,Disagree,Disagree,Agree,Disagree,Strongly Agree,Strongly Disagree,Strongly Disagree,Strongly Agree,Strongly Disagree,Disagree,Agree,Strongly Disagree,Disagree,Strongly Disagree,Disagree,Disagree
Jesus Benjamin,2,23398189,1.0,2.0,2.25,1.25,1.5,5.0,3.0,3.0,2.43,1,Agree,Strongly Agree,Strongly Disagree,Disagree,Strongly Agree,Agree,Agree,Agree,Strongly Disagree,Strongly Disagree,Agree,Disagree,Strongly Agree,Disagree,Strongly Disagree,Strongly Disagree,Strongly Agree,Strongly Disagree
Manuel Warren,4,21292203,2.5,2.75,5.0,1.25,1.75,,,,2.65,1,Disagree,Disagree,Agree,Agree,Disagree,Strongly Agree,Strongly Disagree,Strongly Disagree,Strongly Disagree,Strongly Agree,Strongly Agree,Agree,Agree,Strongly Agree,Strongly Disagree,Disagree,Strongly Agree,Strongly Disagree
David Green,1,24671460,5.0,4.0,2.5,1.75,2.25,,,,2.96,1,Strongly Agree,Strongly Disagree,Strongly Disagree,Strongly Agree,Agree,Agree,Disagree,Strongly Disagree,Disagree,Agree,Strongly Agree,Strongly Disagree,Strongly Disagree,Strongly Disagree,Agree,Agree,Strongly Agree,Agree
Brandon Carey,4,21395875,1.5,1.5,1.75,2.25,1.75,,,,1.75,0,Disagree,Agree,Agree,Disagree,Disagree,Agree,Strongly Disagree,Agree,Strongly Disagree,Strongly Agree,Agree,Disagree,Strongly Agree,Strongly Disagree,Strongly Agree,Strongly Agree,Strongly Agree,Disagree
Michael Freeman,2,23822097,1.5,2.75,3.0,4.0,1.75,1.0,4.0,2.5,2.61,0,Disagree,Strongly Agree,Agree,Agree,Strongly Disagree,Strongly Disagree,Agree,Strongly Disagree,Strongly Agree,Strongly Disagree,Strongly Agree,Disagree,Agree,Strongly Agree,Agree,Strongly Disagree,Strongly Agree,Strongly Agree
Jordan Johnson,2,23917265,5.0,5.0,5.0,1.75,5.0,2.0,1.25,5.0,3.7,5,Disagree,Strongly Disagree,Disagree,Disagree,Disagree,Strongly Agree,Disagree,Disagree,Disagree,Strongly Disagree,Disagree,Disagree,Strongly Disagree,Agree,Disagree,Agree,Strongly Agree,Strongly Disagree
Calvin Cervantes,3,22182119,4.0,4.0,1.5,3.0,2.75,1.5,2.0,,2.68,0,Agree,Strongly Disagree,Disagree,Disagree,Agree,Strongly Disagree,Agree,Disagree,Disagree,Strongly Disagree,Strongly Agree,Disagree,Agree,Agree,Agree,Agree,Strongly Disagree,Strongly Disagree
Tonya Vazquez,1,24086223,4.0,4.0,2.25,2.25,2.75,,,,2.98,0,Disagree,Strongly Disagree,Disagree,Strongly Agree,Agree,Strongly Disagree,Disagree,Strongly Agree,Disagree,Strongly Disagree,Strongly Agree,Disagree,Agree,Disagree,Disagree,Strongly Agree,Strongly Agree,Strongly Disagree
Kevin Alvarado,1,24280132,2.0,1.75,1.5,2.75,3.0,,,,2.21,0,Agree,Agree,Agree,Strongly Disagree,Strongly Agree,Agree,Strongly Disagree,Strongly Agree,Strongly Disagree,Strongly Agree,Strongly Disagree,Agree,Strongly Agree,Strongly Agree,Strongly Disagree,Strongly Disagree,Disagree,Strongly Agree
Jason Flynn,2,23137765,2.0,2.5,1.0,1.75,2.5,2.0,1.75,1.5,1.87,0,Disagree,Strongly Agree,Strongly Disagree,Disagree,Strongly Disagree,Strongly Disagree,Strongly Disagree,Strongly Disagree,Strongly Agree,Strongly Agree,Disagree,Agree,Strongly Disagree,Strongly Disagree,Agree,Strongly Agree,Strongly Agree,Disagree
Andre English,4,21518936,1.25,2.25,1.75,2.75,1.0,,,,1.8,0,Disagree,Strongly Disagree,Disagree,Strongly Disagree,Strongly Agree,Disagree,Strongly Agree,Strongly Disagree,Strongly Agree,Agree,Strongly Agree,Agree,Strongly Disagree,Strongly Agree,Agree,Strongly Agree,Strongly Agree,Strongly Disagree
Lawrence Compton,3,22208378,2.25,5.0,1.25,1.5,1.5,1.25,4.0,,2.39,1,Strongly Disagree,Strongly Disagree,Strongly Agree,Strongly Disagree,Disagree,Disagree,Strongly Agree,Agree,Agree,Disagree,Strongly Disagree,Disagree,Strongly Disagree,Strongly Agree,Strongly Disagree,Agree,Strongly Agree,Strongly Disagree
Dennis Rogers,2,23698265,2.75,2.0,2.5,1.25,4.0,3.0,1.25,1.75,2.29,0,,,,,,,,,,,,,,,,,,
Jon Smith,4,21457098,2.25,4.0,3.0,4.0,1.25,,,,2.9,0,,,,,,,,,,,,,,,,,,
Yvette Lewis,1,24269367,2.5,4.0,5.0,1.75,2.25,,,,3.14,1,,,,,,,,,,,,,,,,,,
James Bush,4,21538751,1.5,1.0,1.25,4.0,2.75,,,,2.1,0,,,,,,,,,,,,,,,,,,
Scott Gould,4,21781499,1.0,2.75,5.0,2.25,2.75,,,,2.75,1,,,,,,,,,,,,,,,,,,
Bruce Lawson,4,21988744,4.0,4.0,4.0,2.0,4.0,,,,3.6,0,,,,,,,,,,,,,,,,,,
Jason Gonzalez,4,21414675,5.0,1.5,1.0,2.0,2.0,,,,2.3,1,,,,,,,,,,,,,,,,,,
Jennifer Bass,2,23441912,1.25,4.0,2.75,2.5,2.0,2.25,1.75,5.0,2.75,1,,,,,,,,,,,,,,,,,,
Nichole Wade,2,23072692,2.75,1.0,1.75,2.75,1.25,1.0,2.0,1.25,1.67,0,,,,,,,,,,,,,,,,,,
Nancy Ballard,3,22536514,2.25,2.5,1.25,1.5,1.25,2.25,1.5,,1.79,0,,,,,,,,,,,,,,,,,,
Christopher Hall,1,24464496,5.0,4.0,2.0,2.25,1.25,,,,2.75,1,,,,,,,,,,,,,,,,,,
Audrey Farmer,4,21246713,2.25,1.0,1.0,3.0,1.0,,,,1.65,0,,,,,,,,,,,,,,,,,,
Adrian Gross,2,23647433,5.0,2.0,4.0,2.25,2.5,2.25,1.75,1.0,2.49,1,,,,,,,,,,,,,,,,,,
Rachel Wood,3,22822797,5.0,3.0,1.25,4.0,1.5,2.75,2.25,,2.82,1,,,,,,,,,,,,,,,,,,
Nancy Hall,3,22196871,2.25,2.25,3.0,1.25,2.5,5.0,4.0,,2.89,1,,,,,,,,,,,,,,,,,,
Antonio Torres,2,23656787,1.5,2.0,4.0,2.25,2.0,4.0,2.0,2.5,2.58,0,,,,,,,,,,,,,,,,,,
Crystal Flowers,4,21348621,2.5,3.0,3.0,2.0,1.75,,,,2.45,0,,,,,,,,,,,,,,,,,,
Tiffany Hill,3,22627295,5.0,1.0,3.0,1.0,2.25,2.75,1.5,,2.36,1,,,,,,,,,,,,,,,,,,
Paula Williams,4,21569515,3.0,2.5,2.5,5.0,1.25,,,,2.85,1,,,,,,,,,,,,,,,,,,
Brian Rivera,3,22539187,5.0,2.75,1.75,2.5,4.0,4.0,4.0,,3.43,1,,,,,,,,,,,,,,,,,,
Tracy Garrison,2,23101594,1.75,1.25,1.75,2.0,2.0,3.0,2.5,3.0,2.17,0,,,,,,,,,,,,,,,,,,
Kevin Shaw,2,23673701,2.0,2.5,1.0,5.0,5.0,1.75,5.0,2.75,3.17,3,,,,,,,,,,,,,,,,,,
Douglas Shaw,4,21773811,2.0,3.0,1.25,5.0,2.0,,,,2.65,1,,,,,,,,,,,,,,,,,,
Michelle Turner,1,24634401,1.25,1.0,2.25,1.0,3.0,,,,1.73,0,,,,,,,,,,,,,,,,,,
Dr. Elizabeth Anderson,2,23111566,2.0,1.75,1.5,1.0,5.0,2.5,1.0,2.5,2.16,1,,,,,,,,,,,,,,,,,,
Harold Castillo,3,22579381,1.25,2.0,3.0,4.0,2.0,1.25,1.5,,2.14,0,,,,,,,,,,,,,,,,,,
Lawrence Cortez,1,24058950,4.0,2.5,1.25,3.0,2.75,,,,2.61,0,,,,,,,,,,,,,,,,,,
Carl Gonzales,3,22759682,1.25,2.25,2.75,2.75,1.75,3.0,4.0,,2.54,0,,,,,,,,,,,,,,,,,,
Nichole Walton,3,22972379,2.5,1.25,2.25,2.5,1.5,2.0,2.75,,2.11,0,,,,,,,,,,,,,,,,,,
Martin Phillips,3,22470578,5.0,5.0,5.0,3.0,2.75,2.0,1.75,,3.5,3,,,,,,,,,,,,,,,,,,
Sara Oconnor,4,21025808,3.0,2.75,4.0,4.0,1.25,,,,3.0,0,,,,,,,,,,,,,,,,,,
Nathaniel Johnston,3,22606398,1.75,1.75,4.0,2.25,4.0,2.25,5.0,,3.0,1,,,,,,,,,,,,,,,,,,
Amy Smith,3,22417452,1.0,2.0,1.25,2.0,1.25,2.5,4.0,,2.0,0,,,,,,,,,,,,,,,,,,
William Reed,3,22776350,2.0,1.0,1.0,2.0,2.5,1.75,4.0,,2.04,0,,,,,,,,,,,,,,,,,,
Cindy Romero,1,24182999,1.0,2.75,1.5,4.0,2.5,,,,2.45,0,,,,,,,,,,,,,,,,,,
Emily Miller,4,21598098,5.0,2.0,2.0,2.0,1.75,,,,2.55,1,,,,,,,,,,,,,,,,,,
Angel Johnson,2,23369197,2.5,1.0,1.5,3.0,1.25,4.0,2.75,3.0,2.37,0,,,,,,,,,,,,,,,,,,
Gregory Martin,1,24832564,5.0,2.75,4.0,1.75,1.25,,,,2.8,1,,,,,,,,,,,,,,,,,,
Melinda Hines,3,22922542,1.5,3.0,3.0,2.0,1.0,1.5,2.75,,2.11,0,,,,,,,,,,,,,,,,,,
