Homework_Q1,Homework_Q2,Homework_Q3,Time Allocation_Q1,Time Allocation_Q2,Time Allocation_Q3,Reading and Note Taking_Q1,Reading and Note Taking_Q2,Reading and Note Taking_Q3,Study Period Procedures_Q1,Study Period Procedures_Q2,Study Period Procedures_Q3,Written Works_Q1,Written Works_Q2,Written Works_Q3,Examination_Q1,Examination_Q2,Examination_Q3
Strongly Disagree,Strongly Agree,Agree,Agree,Disagree,Strongly Disagree,Agree,Agree,Agree,Agree,Strongly Agree,Disagree,Disagree,Agree,Disagree,Disagree,Disagree,Disagree
Strongly Agree,Agree,Strongly Disagree,Strongly Agree,Disagree,Agree,Agree,Agree,Agree,Disagree,Agree,Strongly Disagree,Strongly Disagree,Agree,Disagree,Strongly Disagree,Strongly Disagree,Strongly Disagree
Strongly Agree,Strongly Agree,Strongly Disagree,Disagree,Disagree,Strongly Disagree,Strongly Disagree,Disagree,Strongly Agree,Strongly Agree,Strongly Disagree,Disagree,Strongly Agree,Strongly Disagree,Agree,Strongly Disagree,Agree,Strongly Disagree
Disagree,Disagree,Disagree,Disagree,Agree,Strongly Disagree,Disagree,Strongly Agree,Strongly Agree,Strongly Agree,Strongly Disagree,Strongly Agree,Strongly Agree,Agree,Strongly Disagree,Strongly Disagree,Strongly Agree,Strongly Disagree
Agree,Agree,Disagree,Agree,Disagree,Strongly Agree,Disagree,Disagree,Strongly Agree,Disagree,Agree,Strongly Agree,Strongly Disagree,Disagree,Agree,Strongly Disagree,Strongly Agree,Strongly Agree
Strongly Agree,Agree,Strongly Disagree,Strongly Agree,Agree,Agree,Strongly Disagree,Strongly Agree,Strongly Agree,Disagree,Strongly Agree,Strongly Disagree,Agree,Strongly Disagree,Strongly Agree,Agree,Strongly Disagree,Strongly Agree
Strongly Agree,Strongly Agree,Disagree,Disagree,Disagree,Agree,Strongly Disagree,Agree,Agree,Strongly Agree,Strongly Agree,Agree,Strongly Disagree,Disagree,Agree,Agree,Strongly Disagree,Strongly Disagree
Agree,Strongly Agree,Strongly Agree,Agree,Strongly Agree,Strongly Disagree,Disagree,Strongly Disagree,Disagree,Agree,Agree,Disagree,Strongly Agree,Agree,Disagree,Strongly Agree,Disagree,Agree
Agree,Strongly Disagree,Disagree,Strongly Agree,Agree,Strongly Disagree,Strongly Disagree,Strongly Agree,Agree,Strongly Disagree,Strongly Agree,Strongly Agree,Disagree,Disagree,Agree,Strongly Disagree,Strongly Disagree,Disagree
Agree,Strongly Disagree,Strongly Agree,Strongly Agree,Strongly Agree,Strongly Agree,Disagree,Agree,Strongly Agree,Strongly Agree,Strongly Disagree,Disagree,Strongly Disagree,Strongly Disagree,Strongly Disagree,Strongly Agree,Agree,Disagree
Strongly Agree,Disagree,Strongly Agree,Agree,Agree,Disagree,Strongly Disagree,Strongly Agree,Disagree,Strongly Disagree,Agree,Strongly Agree,Agree,Strongly Agree,Strongly Disagree,Strongly Agree,Strongly Disagree,Strongly Agree
Disagree,Agree,Strongly Agree,Strongly Agree,Agree,Strongly Agree,Agree,Strongly Disagree,Disagree,Disagree,Agree,Disagree,Agree,Disagree,Strongly Agree,Strongly Agree,Disagree,Strongly Disagree
Disagree,Strongly Agree,Disagree,Strongly Agree,Strongly Disagree,Strongly Disagree,Disagree,Strongly Agree,Strongly Disagree,Agree,Disagree,Agree,Disagree,Strongly Agree,Strongly Agree,Agree,Strongly Agree,Strongly Agree
Strongly Agree,Agree,Strongly Agree,Strongly Disagree,Disagree,Strongly Disagree,Agree,Agree,Strongly Agree,Strongly Disagree,Agree,Disagree,Agree,Strongly Disagree,Disagree,Disagree,Strongly Agree,Disagree
Strongly Agree,Strongly Agree,Agree,Agree,Strongly Agree,Strongly Disagree,Strongly Agree,Strongly Disagree,Disagree,Disagree,Disagree,Strongly Agree,Strongly Disagree,Strongly Agree,Disagree,Agree,Disagree,Disagree
Agree,Strongly Disagree,Disagree,Strongly Disagree,Agree,Agree,Agree,Strongly Agree,Strongly Disagree,Strongly Agree,Agree,Disagree,Strongly Agree,Disagree,Strongly Agree,Strongly Disagree,Disagree,Strongly Agree
Agree,Agree,Strongly Disagree,Strongly Disagree,Strongly Agree,Agree,Disagree,Strongly Agree,Strongly Agree,Agree,Strongly Disagree,Disagree,Strongly Disagree,Strongly Agree,Strongly Agree,Agree,Strongly Disagree,Strongly Agree
Strongly Agree,Strongly Disagree,Agree,Agree,Disagree,Disagree,Disagree,Strongly Disagree,Disagree,Disagree,Strongly Disagree,Disagree,Agree,Strongly Agree,Agree,Agree,Strongly Agree,Agree
Strongly Agree,Agree,Strongly Disagree,Strongly Disagree,Disagree,Strongly Disagree,Strongly Agree,Disagree,Agree,Strongly Disagree,Disagree,Strongly Disagree,Disagree,Strongly Agree,Strongly Agree,Agree,Disagree,Strongly Agree
Agree,Disagree,Agree,Strongly Agree,Agree,Disagree,Strongly Disagree,Strongly Agree,Disagree,Disagree,Agree,Strongly Agree,Strongly Disagree,Strongly Disagree,Agree,Strongly Agree,Strongly Disagree,Strongly Agree
Agree,Strongly Agree,Strongly Agree,Strongly Agree,Agree,Agree,Agree,Strongly Disagree,Disagree,Strongly Agree,Disagree,Strongly Agree,Strongly Agree,Strongly Agree,Agree,Strongly Disagree,Agree,Strongly Agree
Disagree,Strongly Agree,Strongly Agree,Strongly Disagree,Strongly Agree,Agree,Strongly Disagree,Strongly Disagree,Strongly Disagree,Strongly Agree,Strongly Disagree,Strongly Disagree,Agree,Disagree,Agree,Agree,Disagree,Disagree
Strongly Disagree,Agree,Strongly Agree,Agree,Disagree,Strongly Disagree,Strongly Disagree,Strongly Disagree,Strongly Agree,Strongly Agree,Disagree,Strongly Disagree,Agree,Strongly Disagree,Agree,Agree,Strongly Agree,Strongly Disagree
Disagree,Strongly Disagree,Strongly Disagree,Disagree,Disagree,Strongly Disagree,Disagree,Agree,Strongly Agree,Disagree,Agree,Strongly Agree,Disagree,Strongly Agree,Strongly Disagree,Disagree,Agree,Agree
Strongly Agree,Agree,Agree,Disagree,Strongly Agree,Agree,Strongly Disagree,Disagree,Agree,Agree,Agree,Disagree,Disagree,Strongly Agree,Disagree,Agree,Agree,Strongly Disagree
Disagree,Agree,Strongly Disagree,Strongly Agree,Strongly Agree,Strongly Agree,Agree,Agree,Strongly Agree,Strongly Disagree,Strongly Agree,Disagree,Agree,Agree,Disagree,Agree,Disagree,Strongly Agree
Strongly Agree,Agree,Agree,Strongly Agree,Disagree,Strongly Agree,Disagree,Strongly Disagree,Strongly Agree,Disagree,Disagree,Disagree,Agree,Agree,Strongly Disagree,Strongly Disagree,Disagree,Agree
Disagree,Agree,Agree,Strongly Disagree,Disagree,Disagree,Agree,Agree,Strongly Agree,Strongly Disagree,Strongly Agree,Agree,Disagree,Agree,Strongly Agree,Strongly Disagree,Agree,Disagree
Strongly Agree,Agree,Disagree,Disagree,Agree,Strongly Agree,Disagree,Strongly Disagree,Strongly Agree,Disagree,Agree,Agree,Strongly Agree,Disagree,Disagree,Strongly Agree,Strongly Agree,Strongly Agree
Strongly Disagree,Strongly Disagree,Strongly Disagree,Agree,Strongly Disagree,Strongly Disagree,Strongly Disagree,Disagree,Strongly Disagree,Strongly Agree,Strongly Disagree,Agree,Agree,Strongly Disagree,Strongly Agree,Strongly Agree,Disagree,Strongly Agree
Disagree,Disagree,Strongly Agree,Strongly Agree,Disagree,Agree,Strongly Disagree,Agree,Strongly Agree,Strongly Agree,Disagree,Strongly Disagree,Strongly Agree,Strongly Disagree,Agree,Strongly Disagree,Agree,Strongly Agree
Strongly Agree,Disagree,Agree,Agree,Strongly Disagree,Disagree,Disagree,Disagree,Agree,Strongly Agree,Strongly Agree,Strongly Disagree,Strongly Disagree,Agree,Strongly Agree,Disagree,Strongly Agree,Strongly Disagree
Strongly Agree,Disagree,Strongly Disagree,Agree,Strongly Agree,Strongly Agree,Agree,Agree,Disagree,Strongly Agree,Strongly Disagree,Strongly Agree,Disagree,Strongly Disagree,Strongly Disagree,Strongly Disagree,Disagree,Strongly Agree
Strongly Disagree,Agree,Disagree,Strongly Disagree,Disagree,Agree,Strongly Disagree,Strongly Agree,Disagree,Strongly Disagree,Strongly Disagree,Disagree,Agree,Disagree,Strongly Agree,Agree,Strongly Agree,Strongly Agree
Disagree,Strongly Disagree,Agree,Strongly Agree,Strongly Disagree,Strongly Disagree,Strongly Disagree,Agree,Strongly Disagree,Disagree,Strongly Agree,Strongly Disagree,Strongly Agree,Agree,Strongly Agree,Strongly Disagree,Agree,Agree
Agree,Agree,Agree,Strongly Agree,Strongly Disagree,Strongly Agree,Strongly Disagree,Agree,Agree,Disagree,Disagree,Strongly Agree,Strongly Agree,Strongly Disagree,Strongly Disagree,Disagree,Disagree,Strongly Disagree
Strongly Agree,Strongly Disagree,Strongly Agree,Strongly Disagree,Agree,Agree,Strongly Agree,Strongly Agree,Strongly Agree,Disagree,Disagree,Strongly Disagree,Disagree,Strongly Disagree,Strongly Disagree,Strongly Disagree,Strongly Agree,Agree
Disagree,Strongly Disagree,Agree,Strongly Disagree,Strongly Agree,Strongly Disagree,Disagree,Agree,Strongly Agree,Strongly Disagree,Disagree,Disagree,Strongly Agree,Disagree,Disagree,Disagree,Disagree,Strongly Disagree
Strongly Agree,Agree,Agree,Disagree,Strongly Disagree,Disagree,Disagree,Strongly Disagree,Strongly Agree,Agree,Strongly Disagree,Agree,Strongly Disagree,Strongly Disagree,Disagree,Strongly Agree,Agree,Strongly Agree
Disagree,Strongly Disagree,Agree,Strongly Agree,Agree,Agree,Agree,Strongly Agree,Agree,Strongly Agree,Strongly Disagree,Strongly Agree,Disagree,Agree,Disagree,Disagree,Strongly Disagree,Strongly Disagree
Strongly Agree,Strongly Agree,Agree,Disagree,Strongly Disagree,Strongly Disagree,Agree,Strongly Disagree,Disagree,Disagree,Agree,Disagree,Strongly Agree,Disagree,Strongly Agree,Strongly Disagree,Strongly Agree,Agree
Agree,Agree,Agree,Agree,Disagree,Strongly Disagree,Strongly Agree,Strongly Agree,Strongly Disagree,Agree,Agree,Strongly Agree,Agree,Disagree,Disagree,Disagree,Strongly Disagree,Strongly Disagree
Disagree,Strongly Disagree,Disagree,Agree,Strongly Disagree,Disagree,Strongly Disagree,Strongly Agree,Strongly Agree,Disagree,Disagree,Disagree,Strongly Agree,Strongly Disagree,Strongly Agree,Disagree,Disagree,Disagree
Disagree,Disagree,Disagree,Agree,Agree,Agree,Strongly Agree,Strongly Disagree,Disagree,Agree,Strongly Agree,Strongly Disagree,Disagree,Disagree,Strongly Disagree,Strongly Disagree,Strongly Disagree,Strongly Agree
Agree,Disagree,Agree,Strongly Disagree,Disagree,Disagree,Agree,Agree,Disagree,Strongly Agree,Strongly Disagree,Agree,Disagree,Agree,Disagree,Strongly Agree,Agree,Disagree
Agree,Disagree,Strongly Disagree,Disagree,Disagree,Disagree,Disagree,Strongly Disagree,Strongly Agree,Strongly Disagree,Strongly Agree,Strongly Agree,Strongly Disagree,Agree,Strongly Agree,Strongly Disagree,Disagree,Strongly Disagree
Strongly Agree,Agree,Agree,Agree,Disagree,Strongly Disagree,Strongly Disagree,Agree,Disagree,Agree,Strongly Agree,Strongly Disagree,Disagree,Agree,Disagree,Strongly Agree,Strongly Agree,Strongly Disagree
Disagree,Agree,Agree,Agree,Strongly Disagree,Strongly Agree,Agree,Strongly Disagree,Strongly Disagree,Strongly Disagree,Strongly Disagree,Strongly Disagree,Strongly Disagree,Strongly Agree,Strongly Agree,Agree,Disagree,Strongly Agree
Disagree,Agree,Strongly Agree,Strongly Agree,Agree,Agree,Disagree,Disagree,Agree,Strongly Agree,Strongly Disagree,Disagree,Agree,Strongly Agree,Strongly Agree,Disagree,Disagree,Strongly Disagree
Disagree,Strongly Disagree,Agree,Disagree,Strongly Disagree,Disagree,Agree,Agree,Strongly Disagree,Strongly Agree,Agree,Agree,Agree,Agree,Strongly Agree,Agree,Strongly Agree,Disagree
Strongly Agree,Strongly Disagree,Disagree,Strongly Agree,Strongly Agree,Strongly Agree,Strongly Agree,Strongly Agree,Strongly Agree,Strongly Disagree,Strongly Disagree,Strongly Disagree,Strongly Agree,Disagree,Strongly Disagree,Agree,Agree,Strongly Agree
Disagree,Strongly Disagree,Strongly Agree,Disagree,Agree,Strongly Disagree,Strongly Agree,Strongly Agree,Disagree,Strongly Agree,Strongly Agree,Strongly Disagree,Agree,Agree,Disagree,Agree,Disagree,Strongly Disagree
Disagree,Agree,Strongly Agree,Strongly Disagree,Agree,Strongly Disagree,Disagree,Agree,Strongly Agree,Strongly Agree,Strongly Agree,Strongly Agree,Strongly Disagree,Agree,Strongly Agree,Strongly Agree,Strongly Agree,Disagree
Agree,Strongly Disagree,Disagree,Disagree,Strongly Disagree,Strongly Agree,Strongly Agree,Agree,Strongly Agree,Disagree,Disagree,Disagree,Strongly Disagree,Strongly Agree,Strongly Agree,Strongly Agree,Strongly Agree,Agree
Agree,Disagree,Disagree,Strongly Disagree,Disagree,Strongly Agree,Disagree,Disagree,Agree,Strongly Agree,Strongly Disagree,Strongly Disagree,Strongly Disagree,Disagree,Strongly Disagree,Strongly Disagree,Strongly Disagree,Agree
Strongly Agree,Agree,Strongly Agree,Agree,Strongly Agree,Strongly Disagree,Strongly Disagree,Strongly Disagree,Agree,Strongly Disagree,Disagree,Strongly Agree,Agree,Strongly Disagree,Strongly Disagree,Strongly Agree,Strongly Disagree,Strongly Disagree
Strongly Agree,Strongly Agree,Disagree,Disagree,Strongly Agree,Agree,Disagree,Strongly Agree,Strongly Disagree,Agree,Strongly Disagree,Disagree,Strongly Disagree,Agree,Strongly Agree,Strongly Agree,Agree,Strongly Disagree
Strongly Disagree,Agree,Strongly Agree,Strongly Disagree,Disagree,Agree,Disagree,Disagree,Strongly Agree,Agree,Strongly Disagree,Strongly Disagree,Agree,Strongly Agree,Strongly Disagree,Strongly Disagree,Strongly Disagree,Strongly Agree
Strongly Disagree,Strongly Disagree,Disagree,Strongly Agree,Strongly Disagree,Strongly Agree,Strongly Agree,Strongly Disagree,Strongly Disagree,Strongly Agree,Strongly Agree,Strongly Agree,Disagree,Agree,Strongly Disagree,Disagree,Disagree,Strongly Agree
Agree,Strongly Disagree,Disagree,Strongly Disagree,Disagree,Strongly Disagree,Strongly Agree,Strongly Agree,Agree,Strongly Agree,Disagree,Disagree,Disagree,Disagree,Strongly Agree,Strongly Agree,Agree,Strongly Disagree
Agree,Strongly Disagree,Strongly Agree,Disagree,Agree,Agree,Strongly Agree,Strongly Disagree,Agree,Strongly Disagree,Agree,Disagree,Strongly Agree,Strongly Disagree,Strongly Agree,Strongly Agree,Strongly Disagree,Strongly Disagree
Agree,Strongly Disagree,Strongly Agree,Strongly Agree,Strongly Disagree,Strongly Disagree,Agree,Agree,Agree,Strongly Agree,Strongly Disagree,Disagree,Strongly Disagree,Strongly Disagree,Agree,Disagree,Strongly Disagree,Disagree
Disagree,Strongly Disagree,Agree,Agree,Strongly Disagree,Disagree,Disagree,Agree,Agree,Agree,Disagree,Disagree,Agree,Agree,Disagree,Strongly Agree,Disagree,Strongly Disagree
Strongly Disagree,Disagree,Strongly Disagree,Strongly Agree,Strongly Agree,Strongly Agree,Strongly Disagree,Agree,Strongly Agree,Strongly Agree,Agree,Disagree,Agree,Disagree,Disagree,Agree,Strongly Agree,Disagree
Agree,Strongly Agree,Disagree,Strongly Disagree,Strongly Agree,Agree,Strongly Disagree,Agree,Disagree,Strongly Agree,Strongly Disagree,Strongly Disagree,Strongly Disagree,Disagree,Strongly Agree,Strongly Agree,Disagree,Agree
Strongly Disagree,Agree,Disagree,Agree,Agree,Disagree,Strongly Disagree,Agree,Strongly Agree,Agree,Agree,Strongly Agree,Strongly Disagree,Strongly Agree,Strongly Disagree,Disagree,Disagree,Agree
Agree,Disagree,Strongly Agree,Disagree,Strongly Disagree,Agree,Strongly Agree,Agree,Disagree,Strongly Agree,Disagree,Strongly Disagree,Disagree,Strongly Agree,Disagree,Agree,Agree,Strongly Agree
Agree,Strongly Disagree,Strongly Disagree,Strongly Agree,Disagree,Agree,Agree,Disagree,Disagree,Disagree,Disagree,Agree,Strongly Disagree,Strongly Agree,Strongly Agree,Disagree,Strongly Disagree,Agree
Agree,Strongly Agree,Disagree,Strongly Disagree,Strongly Agree,Strongly Disagree,Disagree,Disagree,Strongly Agree,Disagree,Strongly Disagree,Strongly Disagree,Strongly Agree,Disagree,Agree,Disagree,Strongly Agree,Strongly Agree
Agree,Strongly Agree,Strongly Agree,Agree,Agree,Strongly Disagree,Strongly Agree,Agree,Strongly Disagree,Strongly Agree,Agree,Strongly Agree,Strongly Disagree,Disagree,Strongly Agree,Strongly Agree,Strongly Agree,Strongly Agree
Agree,Disagree,Strongly Agree,Agree,Disagree,Strongly Disagree,Strongly Disagree,Strongly Disagree,Strongly Disagree,Strongly Disagree,Disagree,Strongly Agree,Strongly Disagree,Strongly Agree,Strongly Agree,Strongly Agree,Strongly Agree,Strongly Agree
Disagree,Strongly Agree,Disagree,Disagree,Strongly Agree,Disagree,Strongly Disagree,Strongly Disagree,Strongly Disagree,Strongly Agree,Strongly Disagree,Agree,Agree,Agree,Strongly Disagree,Disagree,Agree,Disagree
Disagree,Strongly Agree,Agree,Strongly Agree,Strongly Agree,Strongly Agree,Strongly Disagree,Strongly Agree,Disagree,Agree,Disagree,Agree,Strongly Disagree,Agree,Agree,Agree,Agree,Disagree
Agree,Strongly Agree,Agree,Strongly Agree,Strongly Disagree,Strongly Agree,Disagree,Strongly Agree,Disagree,Strongly Agree,Agree,Strongly Disagree,Disagree,Disagree,Agree,Agree,Strongly Agree,Disagree
Strongly Agree,Agree,Disagree,Strongly Disagree,Strongly Disagree,Disagree,Disagree,Agree,Disagree,Disagree,Strongly Disagree,Agree,Strongly Agree,Disagree,Agree,Agree,Strongly Disagree,Disagree
Disagree,Agree,Disagree,Strongly Disagree,Strongly Disagree,Strongly Disagree,Disagree,Disagree,Strongly Disagree,Strongly Agree,Agree,Strongly Agree,Disagree,Agree,Agree,Disagree,Strongly Agree,Strongly Agree
Strongly Agree,Strongly Agree,Strongly Disagree,Agree,Strongly Agree,Disagree,Strongly Disagree,Agree,Disagree,Strongly Disagree,Agree,Disagree,Agree,Strongly Disagree,Strongly Agree,Strongly Disagree,Disagree,Strongly Agree
Agree,Agree,Agree,Strongly Disagree,Agree,Agree,Agree,Strongly Disagree,Disagree,Strongly Agree,Agree,Strongly Disagree,Agree,Strongly Agree,Disagree,Disagree,Agree,Strongly Agree
Agree,Disagree,Strongly Disagree,Strongly Disagree,Strongly Disagree,Strongly Agree,Strongly Agree,Disagree,Strongly Agree,Disagree,Disagree,Agree,Strongly Disagree,Strongly Disagree,Disagree,Strongly Agree,Disagree,Strongly Disagree
Agree,Strongly Disagree,Disagree,Disagree,Strongly Disagree,Strongly Disagree,Strongly Agree,Agree,Strongly Disagree,Agree,Agree,Strongly Agree,Disagree,Agree,Agree,Agree,Agree,Disagree
Strongly Agree,Agree,Strongly Disagree,Disagree,Strongly Agree,Strongly Disagree,Strongly Disagree,Strongly Disagree,Agree,Agree,Strongly Disagree,Strongly Agree,Agree,Strongly Agree,Agree,Agree,Agree,Strongly Agree
Agree,Strongly Agree,Agree,Disagree,Agree,Strongly Disagree,Strongly Agree,Disagree,Strongly Agree,Agree,Strongly Disagree,Strongly Disagree,Strongly Disagree,Agree,Agree,Strongly Disagree,Agree,Agree
Disagree,Agree,Disagree,Strongly Disagree,Strongly Agree,Agree,Strongly Disagree,Strongly Disagree,Agree,Strongly Agree,Strongly Agree,Agree,Strongly Disagree,Agree,Strongly Agree,Agree,Strongly Disagree,Strongly Agree
Strongly Agree,Strongly Agree,Strongly Disagree,Agree,Strongly Agree,Strongly Disagree,Strongly Disagree,Disagree,Strongly Agree,Strongly Disagree,Agree,Strongly Disagree,Strongly Disagree,Disagree,Strongly Agree,Strongly Disagree,Agree,Disagree
Strongly Disagree,Agree,Strongly Agree,Disagree,Strongly Disagree,Disagree,Agree,Strongly Agree,Strongly Agree,Strongly Agree,Strongly Agree,Strongly Disagree,Agree,Disagree,Strongly Disagree,Disagree,Strongly Agree,Agree
Strongly Disagree,Disagree,Disagree,Strongly Disagree,Disagree,Disagree,Strongly Disagree,Agree,Strongly Disagree,Strongly Disagree,Agree,Disagree,Strongly Disagree,Disagree,Disagree,Disagree,Strongly Disagree,Agree
Strongly Agree,Agree,Strongly Disagree,Agree,Strongly Agree,Agree,Strongly Disagree,Disagree,Strongly Agree,Agree,Strongly Disagree,Strongly Agree,Strongly Agree,Agree,Strongly Disagree,Strongly Disagree,Strongly Agree,Strongly Agree
Disagree,Agree,Disagree,Strongly Agree,Strongly Agree,Strongly Disagree,Strongly Disagree,Disagree,Strongly Agree,Agree,Strongly Disagree,Strongly Disagree,Strongly Agree,Agree,Disagree,Agree,Strongly Agree,Agree
Agree,Strongly Agree,Disagree,Agree,Strongly Agree,Agree,Strongly Agree,Disagree,Strongly Disagree,Disagree,Strongly Disagree,Strongly Disagree,Agree,Strongly Agree,Strongly Agree,Strongly Agree,Disagree,Disagree
Disagree,Disagree,Agree,Agree,Strongly Disagree,Strongly Disagree,Strongly Agree,Disagree,Agree,Strongly Disagree,Strongly Agree,Strongly Agree,Disagree,Disagree,Strongly Agree,Disagree,Disagree,Strongly Disagree
Strongly Disagree,Strongly Disagree,Agree,Disagree,Strongly Disagree,Strongly Disagree,Strongly Agree,Strongly Disagree,Strongly Agree,Disagree,Strongly Agree,Strongly Disagree,Agree,Agree,Disagree,Strongly Disagree,Disagree,Strongly Agree
Disagree,Agree,Disagree,Strongly Agree,Strongly Disagree,Disagree,Strongly Agree,Agree,Strongly Disagree,Disagree,Disagree,Agree,Disagree,Agree,Agree,Strongly Disagree,Agree,Agree
Agree,Disagree,Agree,Agree,Agree,Agree,Disagree,Agree,Strongly Agree,Strongly Agree,Strongly Agree,Strongly Disagree,Strongly Agree,Strongly Agree,Strongly Disagree,Disagree,Disagree,Strongly Disagree
Disagree,Strongly Disagree,Agree,Disagree,Strongly Disagree,Agree,Agree,Strongly Agree,Strongly Disagree,Strongly Disagree,Strongly Agree,Disagree,Strongly Disagree,Agree,Strongly Disagree,Strongly Agree,Strongly Disagree,Disagree
Strongly Agree,Strongly Agree,Agree,Strongly Disagree,Strongly Agree,Disagree,Disagree,Disagree,Agree,Disagree,Agree,Disagree,Strongly Disagree,Disagree,Disagree,Agree,Strongly Disagree,Strongly Disagree
Agree,Strongly Disagree,Disagree,Disagree,Strongly Disagree,Disagree,Strongly Disagree,Agree,Agree,Agree,Strongly Agree,Disagree,Agree,Strongly Disagree,Strongly Disagree,Agree,Agree,Agree
Strongly Disagree,Strongly Agree,Agree,Strongly Disagree,Strongly Disagree,Agree,Disagree,Strongly Disagree,Disagree,Disagree,Strongly Agree,Strongly Disagree,Strongly Agree,Agree,Strongly Agree,Agree,Disagree,Strongly Disagree
Strongly Agree,Strongly Disagree,Disagree,Disagree,Disagree,Disagree,Disagree,Disagree,Strongly Agree,Strongly Disagree,Strongly Agree,Disagree,Agree,Agree,Disagree,Disagree,Disagree,Strongly Disagree
Strongly Disagree,Strongly Agree,Strongly Disagree,Disagree,Strongly Disagree,Agree,Agree,Disagree,Strongly Disagree,Strongly Disagree,Strongly Agree,Strongly Agree,Agree,Disagree,Agree,Disagree,Disagree,Disagree
Disagree,Strongly Disagree,Disagree,Strongly Disagree,Disagree,Strongly Disagree,Strongly Disagree,Agree,Agree,Strongly Agree,Agree,Agree,Disagree,Strongly Agree,Agree,Agree,Strongly Disagree,Strongly Agree
Strongly Agree,Strongly Agree,Strongly Disagree,Strongly Agree,Strongly Agree,Strongly Disagree,Strongly Agree,Strongly Agree,Disagree,Agree,Strongly Agree,Strongly Disagree,Disagree,Agree,Agree,Disagree,Strongly Disagree,Agree
Agree,Agree,Strongly Agree,Strongly Agree,Disagree,Disagree,Strongly Disagree,Strongly Disagree,Disagree,Strongly Disagree,Agree,Agree,Strongly Disagree,Strongly Disagree,Disagree,Disagree,Strongly Disagree,Agree
Strongly Agree,Strongly Disagree,Disagree,Disagree,Strongly Disagree,Disagree,Agree,Disagree,Strongly Agree,Strongly Agree,Agree,Disagree,Disagree,Strongly Disagree,Strongly Agree,Strongly Disagree,Strongly Disagree,Disagree
Strongly Agree,Strongly Disagree,Disagree,Agree,Strongly Agree,Disagree,Agree,Strongly Disagree,Strongly Disagree,Strongly Disagree,Agree,Agree,Strongly Disagree,Strongly Disagree,Agree,Disagree,Strongly Agree,Strongly Disagree
Agree,Disagree,Disagree,Disagree,Strongly Disagree,Agree,Strongly Agree,Agree,Agree,Disagree,Strongly Agree,Strongly Disagree,Strongly Disagree,Disagree,Strongly Disagree,Agree,Disagree,Strongly Agree
Agree,Strongly Agree,Strongly Agree,Agree,Strongly Agree,Disagree,Disagree,Agree,Strongly Disagree,Strongly Agree,Agree,Strongly Agree,Agree,Strongly Agree,Strongly Disagree,Agree,Disagree,Strongly Disagree
Disagree,Strongly Disagree,Disagree,Strongly Disagree,Strongly Agree,Disagree,Strongly Agree,Agree,Strongly Agree,Disagree,Strongly Disagree,Strongly Agree,Strongly Disagree,Agree,Agree,Disagree,Strongly Disagree,Strongly Agree
Strongly Agree,Agree,Strongly Disagree,Strongly Disagree,Agree,Strongly Agree,Agree,Strongly Disagree,Strongly Agree,Agree,Strongly Disagree,Strongly Disagree,Disagree,Disagree,Agree,Strongly Agree,Strongly Agree,Disagree
Strongly Disagree,Disagree,Agree,Disagree,Strongly Agree,Agree,Strongly Agree,Agree,Strongly Disagree,Disagree,Strongly Agree,Agree,Disagree,Strongly Agree,Strongly Disagree,Agree,Strongly Agree,Strongly Agree
Strongly Disagree,Agree,Disagree,Strongly Agree,Agree,Agree,Strongly Disagree,Strongly Agree,Disagree,Strongly Agree,Strongly Agree,Disagree,Agree,Strongly Agree,Agree,Strongly Disagree,Agree,Disagree
Disagree,Strongly Disagree,Agree,Strongly Agree,Strongly Disagree,Disagree,Agree,Disagree,Strongly Agree,Strongly Disagree,Strongly Disagree,Disagree,Strongly Disagree,Agree,Agree,Disagree,Disagree,Strongly Disagree
Disagree,Agree,Strongly Agree,Agree,Strongly Disagree,Disagree,Disagree,Disagree,Strongly Disagree,Strongly Agree,Strongly Disagree,Agree,Strongly Agree,Disagree,Agree,Disagree,Strongly Agree,Strongly Disagree
Agree,Strongly Disagree,Agree,Disagree,Disagree,Strongly Disagree,Disagree,Strongly Agree,Strongly Agree,Strongly Agree,Strongly Agree,Agree,Agree,Strongly Agree,Agree,Strongly Agree,Strongly Disagree,Agree
Strongly Agree,Strongly Agree,Strongly Disagree,Strongly Disagree,Disagree,Strongly Agree,Disagree,Agree,Strongly Agree,Strongly Agree,Agree,Strongly Disagree,Strongly Agree,Strongly Disagree,Strongly Agree,Disagree,Strongly Disagree,Disagree
Strongly Agree,Disagree,Strongly Agree,Strongly Agree,Disagree,Strongly Agree,Agree,Strongly Agree,Strongly Agree,Agree,Strongly Disagree,Agree,Agree,Agree,Agree,Strongly Disagree,Strongly Agree,Disagree
Strongly Disagree,Strongly Disagree,Strongly Agree,Agree,Agree,Strongly Disagree,Disagree,Agree,Strongly Disagree,Disagree,Disagree,Disagree,Disagree,Strongly Disagree,Strongly Disagree,Disagree,Agree,Agree
Strongly Disagree,Disagree,Disagree,Strongly Disagree,Strongly Disagree,Strongly Disagree,Strongly Agree,Strongly Agree,Disagree,Strongly Agree,Agree,Disagree,Strongly Agree,Disagree,Agree,Agree,Disagree,Strongly Agree
Disagree,Agree,Strongly Agree,Strongly Agree,Strongly Disagree,Disagree,Agree,Agree,Disagree,Disagree,Agree,Agree,Disagree,Disagree,Strongly Agree,Strongly Disagree,Agree,Strongly Agree
Disagree,Strongly Disagree,Agree,Strongly Disagree,Strongly Agree,Disagree,Strongly Agree,Strongly Disagree,Strongly Agree,Strongly Agree,Disagree,Disagree,Strongly Disagree,Strongly Disagree,Strongly Agree,Agree,Strongly Agree,Strongly Disagree
Strongly Agree,Disagree,Strongly Agree,Disagree,Agree,Disagree,Agree,Agree,Strongly Agree,Strongly Disagree,Strongly Disagree,Strongly Agree,Agree,Strongly Disagree,Disagree,Strongly Disagree,Agree,Agree
Disagree,Strongly Agree,Strongly Disagree,Strongly Agree,Strongly Disagree,Disagree,Strongly Agree,Strongly Disagree,Strongly Disagree,Agree,Agree,Strongly Disagree,Agree,Strongly Disagree,Strongly Disagree,Agree,Agree,Agree
Strongly Agree,Disagree,Strongly Disagree,Disagree,Strongly Agree,Strongly Agree,Strongly Disagree,Strongly Disagree,Disagree,Disagree,Agree,Disagree,Disagree,Strongly Agree,Disagree,Agree,Disagree,Strongly Disagree
Agree,Strongly Disagree,Strongly Agree,Agree,Agree,Disagree,Agree,Strongly Agree,Strongly Agree,Strongly Agree,Agree,Agree,Disagree,Strongly Agree,Disagree,Strongly Agree,Disagree,Strongly Disagree
Strongly Disagree,Strongly Agree,Disagree,Agree,Agree,Agree,Disagree,Strongly Disagree,Agree,Strongly Agree,Strongly Disagree,Strongly Agree,Disagree,Agree,Strongly Agree,Disagree,Agree,Disagree
Strongly Agree,Strongly Disagree,Strongly Agree,Strongly Agree,Strongly Disagree,Disagree,Disagree,Strongly Agree,Strongly Agree,Disagree,Strongly Disagree,Agree,Strongly Disagree,Strongly Agree,Disagree,Strongly Disagree,Strongly Agree,Agree
Agree,Strongly Disagree,Strongly Agree,Strongly Agree,Agree,Disagree,Disagree,Strongly Disagree,Strongly Disagree,Agree,Strongly Agree,Disagree,Disagree,Disagree,Disagree,Agree,Disagree,Strongly Agree
Disagree,Strongly Disagree,Strongly Agree,Disagree,Agree,Agree,Disagree,Strongly Disagree,Agree,Strongly Agree,Strongly Disagree,Agree,Strongly Disagree,Agree,Agree,Strongly Disagree,Disagree,Disagree
Strongly Disagree,Agree,Agree,Agree,Agree,Agree,Disagree,Agree,Strongly Disagree,Agree,Agree,Disagree,Strongly Agree,Strongly Agree,Agree,Disagree,Agree,Strongly Agree
Disagree,Strongly Disagree,Strongly Disagree,Disagree,Strongly Disagree,Disagree,Agree,Agree,Strongly Agree,Agree,Agree,Strongly Agree,Disagree,Agree,Agree,Agree,Strongly Agree,Disagree
Strongly Agree,Strongly Disagree,Agree,Strongly Disagree,Disagree,Agree,Strongly Disagree,Strongly Disagree,Strongly Disagree,Agree,Agree,Agree,Agree,Strongly Agree,Strongly Disagree,Strongly Agree,Disagree,Strongly Disagree
Agree,Agree,Agree,Strongly Agree,Agree,Strongly Disagree,Strongly Disagree,Disagree,Strongly Disagree,Agree,Strongly Disagree,Strongly Disagree,Strongly Agree,Strongly Disagree,Disagree,Strongly Disagree,Strongly Agree,Strongly Agree
Strongly Disagree,Strongly Disagree,Strongly Agree,Agree,Strongly Disagree,Strongly Agree,Strongly Disagree,Strongly Agree,Agree,Disagree,Strongly Disagree,Strongly Disagree,Disagree,Disagree,Strongly Disagree,Agree,Strongly Disagree,Disagree
Strongly Agree,Agree,Strongly Disagree,Strongly Disagree,Strongly Agree,Strongly Agree,Agree,Agree,Strongly Disagree,Strongly Disagree,Disagree,Strongly Disagree,Strongly Agree,Agree,Strongly Disagree,Agree,Strongly Disagree,Strongly Agree
Disagree,Disagree,Agree,Strongly Agree,Strongly Agree,Strongly Agree,Strongly Disagree,Disagree,Strongly Agree,Strongly Disagree,Agree,Strongly Disagree,Strongly Disagree,Strongly Agree,Agree,Disagree,Agree,Agree
Agree,Agree,Strongly Agree,Strongly Disagree,Disagree,Disagree,Strongly Disagree,Disagree,Agree,Strongly Agree,Agree,Agree,Strongly Agree,Disagree,Strongly Agree,Strongly Disagree,Strongly Disagree,Strongly Disagree
Strongly Agree,Strongly Disagree,Agree,Agree,Strongly Disagree,Strongly Disagree,Strongly Disagree,Strongly Disagree,Strongly Agree,Strongly Agree,Agree,Disagree,Agree,Strongly Agree,Agree,Agree,Strongly Agree,Disagree
Strongly Agree,Agree,Strongly Agree,Disagree,Disagree,Strongly Agree,Strongly Agree,Strongly Agree,Strongly Disagree,Agree,Agree,Disagree,Agree,Strongly Disagree,Disagree,Strongly Agree,Strongly Agree,Disagree
Disagree,Disagree,Strongly Disagree,Strongly Agree,Strongly Disagree,Strongly Agree,Disagree,Strongly Disagree,Agree,Strongly Agree,Disagree,Disagree,Strongly Disagree,Agree,Agree,Strongly Agree,Strongly Agree,Strongly Agree
Strongly Disagree,Disagree,Strongly Disagree,Disagree,Disagree,Disagree,Agree,Strongly Disagree,Strongly Disagree,Strongly Disagree,Agree,Agree,Disagree,Agree,Strongly Agree,Strongly Agree,Strongly Agree,Strongly Disagree
Strongly Agree,Agree,Strongly Disagree,Strongly Disagree,Strongly Agree,Disagree,Disagree,Agree,Strongly Agree,Agree,Disagree,Disagree,Strongly Agree,Disagree,Disagree,Disagree,Strongly Agree,Strongly Agree
Disagree,Disagree,Strongly Disagree,Strongly Agree,Agree,Agree,Disagree,Disagree,Strongly Disagree,Strongly Disagree,Strongly Agree,Agree,Strongly Disagree,Agree,Strongly Disagree,Disagree,Strongly Disagree,Strongly Disagree
Strongly Agree,Disagree,Disagree,Strongly Agree,Agree,Disagree,Disagree,Strongly Agree,Agree,Disagree,Strongly Agree,Disagree,Strongly Disagree,Agree,Strongly Disagree,Agree,Strongly Agree,Disagree
Disagree,Strongly Agree,Disagree,Strongly Disagree,Strongly Agree,Strongly Disagree,Agree,Disagree,Strongly Disagree,Disagree,Agree,Disagree,Agree,Strongly Agree,Disagree,Strongly Agree,Agree,Strongly Agree
Strongly Disagree,Strongly Agree,Strongly Disagree,Agree,Agree,Disagree,Strongly Disagree,Disagree,Disagree,Agree,Strongly Agree,Agree,Agree,Strongly Agree,Strongly Disagree,Strongly Disagree,Strongly Agree,Strongly Agree
Disagree,Strongly Agree,Strongly Agree,Disagree,Strongly Disagree,Strongly Agree,Strongly Agree,Disagree,Strongly Agree,Disagree,Agree,Disagree,Agree,Agree,Disagree,Disagree,Disagree,Strongly Disagree
Strongly Agree,Disagree,Agree,Agree,Disagree,Strongly Agree,Strongly Agree,Strongly Agree,Agree,Disagree,Disagree,Disagree,Agree,Disagree,Agree,Agree,Strongly Agree,Disagree
Disagree,Strongly Disagree,Strongly Agree,Agree,Strongly Agree,Strongly Disagree,Strongly Agree,Strongly Agree,Strongly Disagree,Strongly Agree,Strongly Agree,Strongly Disagree,Strongly Disagree,Agree,Strongly Disagree,Disagree,Disagree,Disagree
Agree,Strongly Agree,Strongly Disagree,Agree,Strongly Agree,Strongly Disagree,Strongly Agree,Strongly Disagree,Disagree,Strongly Disagree,Strongly Disagree,Agree,Agree,Agree,Disagree,Disagree,Strongly Disagree,Agree
Disagree,Disagree,Strongly Disagree,Strongly Disagree,Strongly Agree,Strongly Agree,Strongly Disagree,Strongly Agree,Disagree,Strongly Disagree,Strongly Disagree,Agree,Disagree,Disagree,Agree,Strongly Agree,Strongly Disagree,Strongly Agree
Disagree,Strongly Agree,Disagree,Strongly Disagree,Strongly Disagree,Strongly Disagree,Agree,Agree,Agree,Strongly Disagree,Strongly Disagree,Strongly Agree,Disagree,Agree,Strongly Disagree,Strongly Disagree,Disagree,Agree
Agree,Strongly Agree,Strongly Disagree,Strongly Agree,Strongly Disagree,Disagree,Strongly Agree,Strongly Disagree,Agree,Disagree,Strongly Disagree,Strongly Agree,Strongly Agree,Strongly Disagree,Disagree,Strongly Disagree,Strongly Agree,Strongly Agree
Agree,Agree,Strongly Agree,Agree,Agree,Strongly Disagree,Disagree,Strongly Disagree,Strongly Disagree,Agree,Agree,Disagree,Disagree,Disagree,Strongly Disagree,Disagree,Strongly Agree,Strongly Agree
Strongly Disagree,Agree,Disagree,Strongly Agree,Disagree,Strongly Agree,Strongly Agree,Disagree,Strongly Agree,Disagree,Strongly Agree,Agree,Strongly Disagree,Strongly Disagree,Disagree,Strongly Disagree,Strongly Disagree,Strongly Disagree
Strongly Disagree,Agree,Agree,Strongly Disagree,Agree,Agree,Strongly Disagree,Disagree,Strongly Disagree,Agree,Disagree,Agree,Agree,Strongly Agree,Strongly Agree,Strongly Agree,Agree,Strongly Disagree
Strongly Disagree,Agree,Strongly Agree,Agree,Strongly Disagree,Strongly Disagree,Strongly Disagree,Agree,Strongly Disagree,Strongly Disagree,Strongly Disagree,Strongly Disagree,Disagree,Agree,Agree,Strongly Disagree,Strongly Agree,Strongly Disagree
Agree,Disagree,Strongly Disagree,Disagree,Strongly Agree,Strongly Agree,Strongly Disagree,Disagree,Strongly Agree,Strongly Disagree,Strongly Agree,Agree,Disagree,Strongly Disagree,Strongly Agree,Strongly Agree,Agree,Strongly Disagree
Strongly Agree,Disagree,Strongly Agree,Disagree,Strongly Agree,Strongly Disagree,Strongly Disagree,Strongly Disagree,Disagree,Strongly Disagree,Disagree,Disagree,Disagree,Agree,Strongly Agree,Disagree,Disagree,Strongly Agree
Strongly Disagree,Agree,Strongly Agree,Disagree,Strongly Agree,Disagree,Strongly Disagree,Strongly Agree,Agree,Strongly Agree,Disagree,Disagree,Agree,Disagree,Disagree,Disagree,Strongly Agree,Strongly Agree
Agree,Agree,Strongly Disagree,Disagree,Agree,Disagree,Agree,Strongly Disagree,Agree,Strongly Agree,Disagree,Strongly Agree,Agree,Agree,Strongly Disagree,Strongly Disagree,Strongly Disagree,Agree
Strongly Disagree,Agree,Agree,Disagree,Strongly Agree,Disagree,Strongly Agree,Strongly Agree,Agree,Strongly Disagree,Strongly Disagree,Strongly Disagree,Disagree,Strongly Disagree,Agree,Strongly Disagree,Strongly Disagree,Strongly Disagree
Disagree,Agree,Strongly Disagree,Strongly Agree,Disagree,Strongly Disagree,Strongly Disagree,Disagree,Strongly Agree,Strongly Agree,Disagree,Strongly Disagree,Disagree,Disagree,Disagree,Disagree,Strongly Agree,Disagree
Strongly Disagree,Strongly Disagree,Agree,Agree,Disagree,Agree,Disagree,Strongly Agree,Strongly Agree,Strongly Agree,Strongly Agree,Strongly Disagree,Strongly Agree,Strongly Agree,Strongly Disagree,Disagree,Agree,Disagree
Disagree,Agree,Strongly Agree,Strongly Agree,Strongly Agree,Strongly Agree,Agree,Strongly Agree,Strongly Agree,Strongly Agree,Agree,Strongly Disagree,Agree,Strongly Agree,Agree,Disagree,Disagree,Strongly Disagree
Strongly Agree,Strongly Disagree,Disagree,Strongly Disagree,Disagree,Disagree,Agree,Strongly Agree,Disagree,Strongly Agree,Strongly Disagree,Strongly Disagree,Disagree,Strongly Agree,Disagree,Disagree,Agree,Strongly Disagree
Strongly Agree,Strongly Disagree,Agree,Strongly Disagree,Agree,Strongly Disagree,Strongly Agree,Agree,Strongly Disagree,Agree,Strongly Agree,Strongly Disagree,Disagree,Strongly Agree,Strongly Agree,Strongly Agree,Strongly Agree,Disagree
Strongly Disagree,Strongly Agree,Strongly Disagree,Agree,Strongly Agree,Strongly Agree,Strongly Disagree,Disagree,Agree,Disagree,Strongly Disagree,Strongly Agree,Strongly Disagree,Strongly Disagree,Strongly Disagree,Strongly Disagree,Strongly Agree,Agree
Strongly Agree,Strongly Disagree,Strongly Disagree,Strongly Agree,Disagree,Disagree,Disagree,Strongly Disagree,Strongly Agree,Strongly Agree,Disagree,Disagree,Strongly Agree,Strongly Disagree,Disagree,Agree,Agree,Strongly Agree
Strongly Disagree,Agree,Disagree,Strongly Disagree,Strongly Agree,Disagree,Strongly Disagree,Strongly Agree,Strongly Disagree,Agree,Agree,Strongly Agree,Agree,Strongly Agree,Agree,Strongly Disagree,Strongly Disagree,Strongly Agree
Disagree,Strongly Disagree,Strongly Disagree,Strongly Agree,Strongly Agree,Disagree,Strongly Agree,Disagree,Strongly Agree,Strongly Disagree,Strongly Agree,Agree,Strongly Disagree,Agree,Agree,Strongly Agree,Strongly Agree,Agree
Strongly Disagree,Strongly Agree,Strongly Disagree,Strongly Agree,Agree,Agree,Strongly Agree,Agree,Strongly Agree,Disagree,Strongly Agree,Strongly Disagree,Agree,Strongly Agree,Strongly Agree,Strongly Agree,Strongly Disagree,Agree
Strongly Agree,Agree,Strongly Disagree,Disagree,Strongly Disagree,Disagree,Strongly Agree,Agree,Disagree,Agree,Strongly Agree,Agree,Disagree,Strongly Agree,Strongly Agree,Disagree,Agree,Strongly Disagree
Agree,Disagree,Agree,Strongly Disagree,Agree,Strongly Agree,Agree,Strongly Agree,Strongly Disagree,Agree,Strongly Agree,Strongly Disagree,Strongly Agree,Strongly Agree,Strongly Agree,Agree,Strongly Agree,Disagree
Strongly Disagree,Strongly Disagree,Agree,Agree,Agree,Disagree,Strongly Disagree,Strongly Disagree,Agree,Agree,Strongly Agree,Agree,Strongly Disagree,Strongly Agree,Disagree,Disagree,Strongly Disagree,Strongly Agree
Agree,Agree,Strongly Agree,Strongly Agree,Disagree,Agree,Strongly Disagree,Agree,Disagree,Strongly Agree,Agree,Strongly Agree,Agree,Strongly Disagree,Strongly Disagree,Agree,Agree,Strongly Agree
Strongly Agree,Disagree,Disagree,Agree,Strongly Disagree,Disagree,Disagree,Strongly Disagree,Strongly Agree,Strongly Agree,Strongly Agree,Agree,Agree,Strongly Agree,Strongly Disagree,Strongly Agree,Strongly Agree,Agree
Strongly Disagree,Disagree,Strongly Disagree,Agree,Disagree,Agree,Strongly Agree,Disagree,Agree,Strongly Agree,Agree,Strongly Disagree,Agree,Strongly Disagree,Agree,Strongly Agree,Strongly Disagree,Strongly Disagree
Strongly Agree,Strongly Disagree,Agree,Agree,Strongly Disagree,Agree,Strongly Disagree,Disagree,Agree,Strongly Disagree,Agree,Disagree,Disagree,Agree,Disagree,Agree,Strongly Agree,Strongly Agree
Disagree,Agree,Strongly Agree,Strongly Disagree,Strongly Disagree,Strongly Disagree,Agree,Disagree,Agree,Disagree,Agree,Agree,Agree,Strongly Agree,Strongly Disagree,Strongly Disagree,Agree,Strongly Disagree
Strongly Disagree,Disagree,Strongly Agree,Strongly Disagree,Agree,Agree,Disagree,Strongly Disagree,Agree,Agree,Strongly Agree,Strongly Disagree,Strongly Agree,Strongly Agree,Strongly Disagree,Strongly Agree,Strongly Disagree,Strongly Disagree
Strongly Disagree,Strongly Agree,Strongly Disagree,Strongly Disagree,Agree,Strongly Agree,Strongly Agree,Strongly Disagree,Agree,Agree,Disagree,Disagree,Agree,Strongly Agree,Strongly Agree,Strongly Disagree,Disagree,Agree
Strongly Disagree,Strongly Agree,Strongly Disagree,Strongly Disagree,Agree,Strongly Disagree,Agree,Disagree,Strongly Disagree,Strongly Agree,Strongly Agree,Strongly Disagree,Disagree,Strongly Agree,Disagree,Strongly Disagree,Disagree,Agree
Strongly Agree,Disagree,Strongly Agree,Disagree,Strongly Agree,Strongly Agree,Strongly Disagree,Disagree,Strongly Disagree,Strongly Agree,Disagree,Disagree,Agree,Strongly Agree,Agree,Agree,Disagree,Agree
Strongly Agree,Strongly Disagree,Agree,Agree,Disagree,Disagree,Disagree,Strongly Disagree,Disagree,Strongly Agree,Strongly Agree,Disagree,Disagree,Strongly Disagree,Strongly Disagree,Strongly Agree,Strongly Disagree,Disagree
Strongly Disagree,Disagree,Strongly Agree,Agree,Strongly Disagree,Strongly Agree,Strongly Agree,Strongly Disagree,Agree,Disagree,Strongly Agree,Strongly Agree,Agree,Disagree,Strongly Agree,Agree,Strongly Disagree,Agree
Agree,Strongly Agree,Disagree,Strongly Disagree,Agree,Strongly Disagree,Disagree,Strongly Disagree,Strongly Disagree,Strongly Agree,Disagree,Agree,Strongly Agree,Strongly Agree,Agree,Disagree,Strongly Disagree,Disagree
Disagree,Strongly Disagree,Strongly Disagree,Strongly Disagree,Disagree,Agree,Disagree,Agree,Disagree,Agree,Strongly Disagree,Disagree,Disagree,Strongly Agree,Agree,Disagree,Disagree,Strongly Disagree
Agree,Agree,Disagree,Agree,Agree,Agree,Agree,Agree,Strongly Agree,Strongly Agree,Disagree,Agree,Strongly Disagree,Disagree,Disagree,Agree,Agree,Strongly Agree
Disagree,Disagree,Agree,Disagree,Strongly Disagree,Agree,Disagree,Strongly Agree,Strongly Agree,Strongly Disagree,Strongly Disagree,Agree,Strongly Disagree,Disagree,Agree,Strongly Agree,Disagree,Disagree
Strongly Disagree,Disagree,Agree,Strongly Disagree,Disagree,Strongly Agree,Strongly Disagree,Strongly Agree,Agree,Strongly Agree,Disagree,Strongly Agree,Strongly Disagree,Agree,Strongly Disagree,Disagree,Strongly Agree,Disagree
Strongly Agree,Agree,Agree,Disagree,Agree,Strongly Agree,Strongly Agree,Strongly Disagree,Strongly Agree,Strongly Disagree,Agree,Strongly Disagree,Disagree,Strongly Agree,Disagree,Strongly Disagree,Agree,Strongly Disagree
Disagree,Strongly Disagree,Disagree,Strongly Agree,Disagree,Disagree,Disagree,Disagree,Strongly Disagree,Strongly Agree,Agree,Strongly Disagree,Strongly Disagree,Strongly Disagree,Disagree,Agree,Strongly Disagree,Strongly Disagree
Agree,Strongly Agree,Agree,Agree,Disagree,Strongly Disagree,Disagree,Strongly Agree,Strongly Disagree,Strongly Agree,Strongly Agree,Strongly Disagree,Disagree,Strongly Disagree,Agree,Strongly Disagree,Agree,Agree
Agree,Strongly Disagree,Disagree,Strongly Disagree,Strongly Agree,Disagree,Disagree,Strongly Disagree,Strongly Disagree,Agree,Strongly Agree,Strongly Agree,Agree,Disagree,Disagree,Strongly Disagree,Strongly Agree,Disagree
Strongly Disagree,Agree,Strongly Disagree,Agree,Strongly Agree,Strongly Agree,Disagree,Strongly Disagree,Strongly Agree,Disagree,Strongly Disagree,Strongly Disagree,Disagree,Strongly Disagree,Strongly Agree,Disagree,Strongly Agree,Disagree
Agree,Strongly Agree,Agree,Disagree,Strongly Disagree,Agree,Disagree,Agree,Strongly Agree,Disagree,Disagree,Strongly Disagree,Disagree,Strongly Agree,Disagree,Disagree,Strongly Agree,Agree
Agree,Strongly Agree,Agree,Disagree,Disagree,Disagree,Disagree,Disagree,Strongly Agree,Disagree,Agree,Strongly Agree,Agree,Disagree,Disagree,Strongly Disagree,Strongly Disagree,Disagree
Agree,Strongly Agree,Agree,Agree,Agree,Agree,Strongly Agree,Strongly Disagree,Strongly Disagree,Strongly Agree,Strongly Agree,Agree,Strongly Agree,Strongly Disagree,Disagree,Disagree,Disagree,Agree
Strongly Disagree,Disagree,Agree,Disagree,Strongly Agree,Strongly Agree,Agree,Agree,Agree,Agree,Disagree,Agree,Agree,Agree,Strongly Agree,Strongly Disagree,Strongly Agree,Strongly Agree
Strongly Agree,Strongly Disagree,Strongly Disagree,Strongly Agree,Agree,Strongly Agree,Strongly Agree,Strongly Agree,Strongly Disagree,Strongly Agree,Disagree,Strongly Agree,Strongly Agree,Disagree,Strongly Agree,Strongly Agree,Strongly Agree,Agree
Agree,Agree,Disagree,Strongly Agree,Strongly Agree,Agree,Disagree,Disagree,Disagree,Agree,Agree,Strongly Agree,Strongly Agree,Strongly Agree,Agree,Agree,Disagree,Agree
,,,,,,,,,,,,,,,,,
,,,,,,,,,,,,,,,,,
,,,,,,,,,,,,,,,,,
,,,,,,,,,,,,,,,,,
,,,,,,,,,,,,,,,,,
,,,,,,,,,,,,,,,,,
,,,,,,,,,,,,,,,,,
,,,,,,,,,,,,,,,,,
,,,,,,,,,,,,,,,,,
,,,,,,,,,,,,,,,,,
,,,,,,,,,,,,,,,,,
,,,,,,,,,,,,,,,,,
,,,,,,,,,,,,,,,,,
,,,,,,,,,,,,,,,,,
,,,,,,,,,,,,,,,,,
,,,,,,,,,,,,,,,,,
,,,,,,,,,,,,,,,,,
,,,,,,,,,,,,,,,,,
,,,,,,,,,,,,,,,,,
,,,,,,,,,,,,,,,,,
,,,,,,,,,,,,,,,,,
,,,,,,,,,,,,,,,,,
,,,,,,,,,,,,,,,,,
,,,,,,,,,,,,,,,,,
,,,,,,,,,,,,,,,,,
,,,,,,,,,,,,,,,,,
,,,,,,,,,,,,,,,,,
,,,,,,,,,,,,,,,,,
,,,,,,,,,,,,,,,,,
,,,,,,,,,,,,,,,,,
,,,,,,,,,,,,,,,,,
,,,,,,,,,,,,,,,,,
,,,,,,,,,,,,,,,,,
,,,,,,,,,,,,,,,,,
,,,,,,,,,,,,,,,,,
,,,,,,,,,,,,,,,,,
,,,,,,,,,,,,,,,,,
,,,,,,,,,,,,,,,,,
,,,,,,,,,,,,,,,,,
